Target_P,Delta,Grain_R,Real_P,K_eff
0.1,0.1,1.0,0.1077045806127156,0.7837627233333334
0.1,0.15,1.0,0.1097818043120813,0.81116133
0.1,0.175,1.0,0.1099968290548328,0.8289740233333335
0.1,0.2,1.0,0.1053256335432803,0.8377399666666667
0.1,0.225,1.0,0.10821044209214349,0.8363131166666666
0.1,0.25,1.0,0.1085531324205353,0.8287874666666667
0.1,0.275,1.0,0.10989118107352097,0.8360883666666666
0.1,0.3,1.0,0.1054398582268327,0.8371251266666667
0.1,0.325,1.0,0.10613816263761365,0.8432074733333333
0.1,0.35,1.0,0.1094948226235586,0.8329087999999999
0.1,0.375,1.0,0.1077377216937259,0.8418238466666667
0.1,0.4,1.0,0.1047830212480428,0.8414096033333333
0.1,0.5,1.0,0.1074542629867051,0.8434833033333332
0.1,0.6,1.0,0.1041315072672273,0.8459502966666667
0.1,0.7,1.0,0.1068473540974547,0.8425992
0.1,0.8,1.0,0.1085291822749212,0.8431561766666666
0.2,0.1,1.0,0.1986122692538476,0.3898256033333333
0.2,0.15,1.0,0.2083726984107754,0.5798297733333333
0.2,0.175,1.0,0.20788719023145644,0.6380885033333333
0.2,0.2,1.0,0.2087810203827876,0.6570026766666667
0.2,0.225,1.0,0.20544824119849,0.6722996800000001
0.2,0.25,1.0,0.2075101963114439,0.6647657233333333
0.2,0.275,1.0,0.20678198896177863,0.6838668066666668
0.2,0.3,1.0,0.2098183414904829,0.6734406733333334
0.2,0.325,1.0,0.20913575586635505,0.6880568866666666
0.2,0.35,1.0,0.2076948333440744,0.6834428266666667
0.2,0.375,1.0,0.2059836781532225,0.6974526433333333
0.2,0.4,1.0,0.2052526157993563,0.6921652333333332
0.2,0.5,1.0,0.2080072408613135,0.7012465733333334
0.2,0.6,1.0,0.2061103673819095,0.7007330500000001
0.2,0.7,1.0,0.2047747601554971,0.7050667966666667
0.2,0.8,1.0,0.2087441420393662,0.70413661
0.3,0.15,1.0,0.2912196747785394,0.25937859
0.3,0.175,1.0,0.30704942368580984,0.31536514
0.3,0.2,1.0,0.3062759764606375,0.4378874633333333
0.3,0.225,1.0,0.30844476014609035,0.46045208
0.3,0.25,1.0,0.3084457579316574,0.4753769433333333
0.3,0.275,1.0,0.3077719255587224,0.5091560766666666
0.3,0.3,1.0,0.3068517201703303,0.51116511
0.3,0.325,1.0,0.3061610321336335,0.5348027033333334
0.3,0.35,1.0,0.3051796548387524,0.53312488
0.3,0.375,1.0,0.3044505619938502,0.550134
0.3,0.4,1.0,0.3030857329651574,0.5477113166666666
0.3,0.5,1.0,0.3073642124796626,0.5632469566666667
0.3,0.6,1.0,0.3067574474031009,0.5630628066666666
0.3,0.7,1.0,0.3051778903487732,0.5697870800000001
0.3,0.8,1.0,0.3078276856421029,0.5725741066666666
