label,area_um2,ecd_um,circularity,solidity,centroid_x_px,centroid_y_px,type
1,1.255,1.264,0.7791,0.8919,130.2,1.0,intra
2,1.559,1.409,0.7539,0.8723,141.6,4.1,intra
3,0.57,0.852,1.0,1.0,151.4,1.6,intra
4,0.646,0.907,1.0,0.85,174.4,0.8,intra
5,2.548,1.801,0.5969,0.859,181.5,5.5,intra
6,0.684,0.934,0.6671,1.0,219.5,0.5,intra
7,0.57,0.852,1.0,1.0,315.7,1.3,intra
8,5.97,2.757,0.2533,0.5947,329.8,8.9,inter
9,1.597,1.426,0.6127,0.7925,395.2,3.7,intra
10,1.597,1.426,0.5312,0.6774,433.5,3.4,intra
12,0.989,1.122,0.7973,0.6842,490.0,1.0,intra
13,1.217,1.245,0.7532,0.6531,514.2,2.3,intra
14,2.814,1.893,0.8502,0.925,602.2,3.8,intra
15,2.89,1.918,0.5988,0.8941,626.5,3.2,intra
16,1.939,1.571,0.5908,0.7183,651.7,2.8,intra
17,2.51,1.788,0.7473,0.9041,673.5,3.4,intra
18,2.396,1.746,0.428,0.6848,29.5,6.3,intra
20,0.608,0.88,1.0,0.9412,53.9,3.8,intra
21,1.407,1.338,1.0,0.9024,381.3,4.4,intra
23,1.597,1.426,0.6395,0.8235,234.9,4.8,intra
24,1.027,1.143,0.9535,0.8438,260.4,4.3,intra
25,5.133,2.557,0.3739,0.6923,282.5,8.7,inter
26,5.057,2.538,0.8432,0.911,531.4,9.0,intra
27,1.369,1.32,0.9433,0.766,554.5,6.6,intra
30,2.053,1.617,0.5316,0.7606,90.7,5.9,intra
31,1.217,1.245,1.0,0.9143,213.0,5.9,intra
32,1.065,1.164,0.9106,0.8485,298.2,4.8,intra
33,1.521,1.392,0.5835,0.7018,543.9,8.5,intra
34,0.646,0.907,1.0,0.9444,242.0,5.9,intra
35,1.635,1.443,0.8163,0.8269,364.5,7.4,intra
36,1.293,1.283,1.0,0.9189,406.8,7.0,intra
37,0.608,0.88,1.0,0.9412,559.7,6.2,intra
38,0.989,1.122,0.6138,0.6667,573.3,9.0,intra
40,1.179,1.225,0.5981,0.7209,592.3,8.9,intra
41,0.837,1.032,0.8466,0.7586,4.5,7.5,intra
42,0.989,1.122,0.9351,0.8387,254.1,7.5,intra
43,0.761,0.984,1.0,0.9091,416.5,7.0,intra
44,0.608,0.88,1.0,1.0,192.5,8.0,intra
45,0.532,0.823,0.8886,0.7778,304.1,7.5,intra
46,2.358,1.733,0.5288,0.775,470.6,8.4,intra
48,0.684,0.934,1.0,0.9,19.1,10.6,intra
50,4.449,2.38,0.2798,0.5571,641.2,17.1,intra
51,0.608,0.88,1.0,0.9412,371.7,10.5,intra
53,1.407,1.338,0.7755,0.8043,45.1,12.2,intra
54,0.722,0.959,1.0,1.0,231.0,12.0,intra
55,1.255,1.264,0.7178,0.75,353.5,11.5,intra
56,0.875,1.055,0.9642,0.92,412.3,12.3,intra
57,0.646,0.907,1.0,1.0,585.7,10.3,intra
58,2.776,1.88,0.4606,0.7157,165.8,17.9,intra
61,2.129,1.647,0.5045,0.7,432.1,15.1,intra
62,0.951,1.1,0.8101,0.7576,440.1,13.9,intra
65,0.57,0.852,1.0,0.8333,399.7,14.1,intra
66,0.875,1.055,0.8651,0.8846,633.3,15.0,intra
67,1.559,1.409,0.9974,0.9318,88.6,15.8,intra
69,8.822,3.351,0.1637,0.4377,348.5,31.2,inter
71,0.532,0.823,1.0,1.0,518.6,15.2,intra
72,0.989,1.122,0.748,0.8125,598.2,16.7,intra
75,2.32,1.719,0.4073,0.6354,191.3,17.8,intra
76,0.722,0.959,0.9445,0.8261,310.1,15.9,intra
77,1.027,1.143,0.7924,0.7941,670.1,16.9,intra
78,0.722,0.959,1.0,1.0,16.8,16.5,intra
79,0.608,0.88,1.0,1.0,131.5,17.5,intra
80,0.951,1.1,0.5138,0.6579,237.6,20.9,intra
81,0.608,0.88,0.8654,0.6957,321.5,18.2,intra
82,0.761,0.984,1.0,0.8333,384.5,18.2,intra
83,6.426,2.86,0.3984,0.7191,502.3,21.8,inter
84,0.722,0.959,1.0,0.7917,81.3,18.8,intra
85,0.57,0.852,1.0,1.0,176.3,18.1,intra
87,0.684,0.934,1.0,0.9,358.5,18.7,intra
88,0.646,0.907,1.0,0.8947,376.1,18.2,intra
89,0.608,0.88,1.0,0.8889,525.4,17.8,intra
90,0.913,1.078,1.0,0.96,609.0,18.1,intra
91,0.608,0.88,1.0,0.9412,653.5,17.8,intra
94,3.574,2.133,0.3812,0.6184,275.1,24.6,intra
95,0.646,0.907,1.0,0.9444,514.9,18.9,intra
96,0.532,0.823,1.0,0.875,23.2,19.6,intra
97,1.103,1.185,0.6492,0.6744,147.3,21.3,intra
98,1.711,1.476,0.7355,0.8182,43.5,21.6,intra
99,2.243,1.69,0.4035,0.5619,99.3,26.9,intra
100,2.32,1.719,0.5485,0.7722,232.7,25.6,intra
101,0.646,0.907,1.0,1.0,488.1,20.6,intra
103,2.358,1.733,1.0,0.9688,549.9,23.0,intra
104,1.749,1.492,0.6773,0.8214,673.5,23.8,intra
105,3.955,2.244,0.7359,0.8966,258.7,27.3,intra
106,2.015,1.602,0.9088,0.8983,577.8,23.2,intra
107,0.57,0.852,1.0,0.8333,642.8,22.5,intra
108,0.646,0.907,1.0,0.9444,649.3,23.2,intra
110,1.559,1.409,0.6906,0.82,62.8,26.2,intra
111,4.183,2.308,0.3429,0.6962,75.8,29.5,intra
112,0.761,0.984,0.8094,0.625,293.0,25.6,intra
113,3.612,2.145,0.3906,0.6419,331.1,30.3,intra
114,10.191,3.602,0.1743,0.5503,385.3,31.5,inter
115,0.761,0.984,1.0,0.8333,443.5,23.5,intra
117,1.559,1.409,0.7559,0.8039,133.5,25.5,intra
118,1.217,1.245,1.0,0.9143,469.6,26.5,intra
119,4.221,2.318,0.1965,0.4036,660.8,34.4,intra
121,1.217,1.245,0.7398,0.8205,93.1,28.5,intra
122,2.015,1.602,0.3757,0.5048,177.6,32.2,intra
123,1.293,1.283,0.6455,0.7234,599.1,28.1,intra
124,2.243,1.69,0.8628,0.7662,199.7,28.7,intra
125,0.532,0.823,1.0,0.8235,266.9,26.9,intra
126,0.532,0.823,1.0,1.0,434.9,26.1,intra
127,0.646,0.907,0.7512,0.7391,451.5,27.9,intra
129,1.179,1.225,0.8123,0.8611,620.7,27.7,intra
130,0.837,1.032,1.0,0.9565,246.3,27.1,intra
131,1.103,1.185,0.9806,0.8788,300.1,28.7,intra
132,0.532,0.823,1.0,0.9333,481.6,28.1,intra
133,3.08,1.98,0.3618,0.6807,540.4,33.6,intra
136,0.951,1.1,1.0,0.9259,430.3,29.8,intra
137,1.749,1.492,0.7728,0.7541,124.2,34.3,intra
138,0.951,1.1,0.9194,0.8333,373.7,30.9,intra
140,1.939,1.571,0.6436,0.7969,644.6,33.0,intra
143,1.369,1.32,0.9736,0.9,249.0,34.7,intra
145,1.217,1.245,0.6669,0.7273,583.4,32.6,intra
147,0.532,0.823,1.0,1.0,239.5,32.3,intra
148,0.875,1.055,1.0,0.92,294.6,34.2,intra
149,3.764,2.189,0.6315,0.7984,513.4,35.8,intra
150,2.586,1.814,0.5821,0.7234,562.3,36.3,intra
151,5.476,2.64,0.2832,0.618,610.9,39.3,inter
152,4.791,2.47,0.2493,0.5294,635.8,42.1,intra
153,1.179,1.225,0.618,0.7209,49.6,37.6,intra
154,0.722,0.959,1.0,0.9048,532.1,35.0,intra
155,0.532,0.823,1.0,0.7778,623.6,35.4,intra
156,1.065,1.164,1.0,1.0,35.2,36.7,intra
158,0.837,1.032,1.0,1.0,66.6,36.5,intra
159,0.761,0.984,1.0,0.8696,195.2,38.0,intra
161,2.053,1.617,0.5638,0.7105,459.7,38.8,intra
162,3.308,2.052,0.3673,0.6397,484.3,41.7,intra
163,0.57,0.852,1.0,0.8333,501.5,36.9,intra
165,3.955,2.244,0.5002,0.7273,135.4,44.2,intra
167,0.684,0.934,1.0,0.8571,228.4,38.3,intra
168,0.989,1.122,0.9147,0.8125,312.4,38.3,intra
169,0.57,0.852,1.0,0.8824,336.6,38.1,intra
170,0.532,0.823,1.0,0.9333,439.6,38.8,intra
171,1.027,1.143,0.6858,0.7714,524.7,37.2,intra
172,0.951,1.1,0.8274,0.8929,159.8,40.2,intra
173,3.27,2.041,0.7335,0.8269,213.9,42.4,intra
174,3.194,2.017,0.3336,0.6043,261.7,46.0,intra
175,0.532,0.823,1.0,0.875,288.1,39.9,intra
176,1.369,1.32,0.9582,0.9231,494.2,40.1,intra
177,0.837,1.032,1.0,0.88,572.7,39.7,intra
178,0.913,1.078,1.0,0.96,26.9,40.1,intra
179,1.103,1.185,0.5167,0.6444,413.4,41.4,intra
180,0.837,1.032,1.0,1.0,145.7,40.5,intra
181,0.799,1.008,0.884,0.875,591.4,41.3,intra
182,4.297,2.339,0.2938,0.5795,12.1,46.3,intra
183,0.532,0.823,1.0,0.9333,169.9,41.1,intra
185,2.243,1.69,0.6063,0.7973,647.4,44.2,intra
188,0.57,0.852,1.0,0.9375,559.4,43.1,intra
189,3.726,2.178,0.2449,0.4336,581.8,50.2,intra
191,1.749,1.492,0.7317,0.7931,55.5,45.8,intra
192,2.966,1.943,0.6135,0.8211,375.0,45.4,intra
194,17.568,4.729,0.4113,0.7857,441.8,52.3,inter
195,1.787,1.508,0.5656,0.7581,553.7,46.4,intra
196,0.761,0.984,1.0,0.8333,47.4,44.9,intra
197,0.608,0.88,1.0,0.8889,85.8,44.2,intra
198,0.684,0.934,0.8988,0.8182,123.7,46.2,intra
200,1.483,1.374,0.7648,0.7959,331.9,46.9,intra
201,1.027,1.143,1.0,1.0,361.0,46.0,intra
202,4.183,2.308,0.2848,0.5238,517.8,51.1,intra
203,1.711,1.476,0.428,0.6338,541.3,47.2,intra
205,0.684,0.934,1.0,0.9,70.1,46.7,intra
207,0.646,0.907,1.0,0.9444,309.8,46.3,intra
208,18.86,4.9,0.2824,0.7381,497.3,65.0,inter
209,0.608,0.88,1.0,0.8889,630.3,48.4,intra
210,7.225,3.033,0.2672,0.625,668.8,53.1,inter
211,2.624,1.828,0.5316,0.7841,231.4,50.4,intra
212,0.608,0.88,1.0,0.9412,496.1,47.7,intra
213,4.715,2.45,0.2777,0.6776,187.3,54.8,intra
214,0.722,0.959,1.0,1.0,254.1,48.6,intra
215,0.913,1.078,0.9674,0.96,346.1,48.2,intra
216,1.255,1.264,0.6005,0.7857,651.8,50.7,intra
217,4.449,2.38,0.4896,0.6842,24.5,56.0,intra
218,0.57,0.852,1.0,1.0,388.7,50.1,intra
219,0.684,0.934,1.0,1.0,91.3,51.0,intra
220,3.384,2.076,0.4293,0.7236,155.0,55.6,intra
221,0.57,0.852,1.0,1.0,403.1,50.3,intra
222,6.16,2.801,0.3417,0.6694,533.3,59.4,inter
223,0.532,0.823,1.0,0.875,613.3,50.9,intra
224,0.761,0.984,0.7696,0.7692,618.4,51.6,intra
226,0.989,1.122,1.0,0.8966,223.3,53.3,intra
228,1.255,1.264,0.9494,0.8684,99.3,54.7,intra
229,0.646,0.907,1.0,0.85,409.6,53.1,intra
230,3.27,2.041,0.4806,0.7167,476.2,58.9,intra
231,1.027,1.143,0.8936,0.8182,112.1,54.3,intra
233,0.875,1.055,1.0,1.0,338.2,54.0,intra
234,1.065,1.164,1.0,0.8235,397.2,54.6,intra
236,1.065,1.164,0.8189,0.875,59.5,56.6,intra
237,3.841,2.211,0.3148,0.5941,324.3,57.4,intra
238,0.951,1.1,1.0,1.0,362.9,55.8,intra
239,1.407,1.338,0.814,0.881,78.1,56.5,intra
240,6.122,2.792,0.2435,0.516,281.0,65.6,inter
241,3.65,2.156,0.4526,0.7273,554.2,62.4,intra
242,5.285,2.594,0.2655,0.6376,640.9,66.7,inter
244,4.145,2.297,0.4533,0.7124,251.5,63.1,intra
245,0.875,1.055,1.0,0.92,631.4,57.6,intra
246,0.913,1.078,0.9674,0.9231,119.7,60.0,intra
247,1.065,1.164,0.8218,0.7,203.3,59.5,intra
248,1.293,1.283,0.7331,0.8293,412.6,59.9,intra
249,1.103,1.185,0.818,0.8286,569.8,58.3,intra
250,0.989,1.122,0.6562,0.7222,68.0,60.9,intra
251,0.57,0.852,1.0,0.8824,239.9,58.2,intra
252,1.673,1.46,0.9223,0.8,405.3,61.7,intra
254,0.837,1.032,1.0,0.9565,46.1,60.3,intra
255,0.57,0.852,1.0,0.7895,84.7,61.1,intra
256,0.875,1.055,0.8122,0.8214,229.4,60.5,intra
257,1.825,1.524,0.5573,0.6316,589.1,63.0,intra
258,4.145,2.297,0.7359,0.8516,608.0,65.4,intra
259,1.255,1.264,1.0,0.9706,299.2,61.0,intra
260,0.684,0.934,1.0,0.8571,389.9,61.2,intra
261,0.684,0.934,1.0,1.0,289.9,61.9,intra
262,1.331,1.302,0.9714,0.8537,371.9,64.7,intra
263,1.749,1.492,0.4572,0.6571,463.1,63.1,intra
264,3.879,2.222,0.5285,0.75,656.3,65.3,intra
265,7.833,3.158,0.3123,0.5553,164.6,71.0,inter
266,1.065,1.164,0.6379,0.7368,243.5,64.5,intra
267,0.761,0.984,0.9058,0.8333,382.0,63.2,intra
268,0.837,1.032,0.9079,0.8462,13.5,63.6,intra
269,0.532,0.823,1.0,0.875,74.9,63.6,intra
270,0.837,1.032,1.0,0.9565,338.8,64.0,intra
271,8.137,3.219,0.7217,0.8664,361.2,71.6,intra
272,1.141,1.205,1.0,0.9091,40.7,65.5,intra
273,3.118,1.992,0.307,0.5775,216.4,70.7,intra
274,2.472,1.774,0.7007,0.8125,268.7,65.8,intra
275,0.684,0.934,1.0,0.9474,513.3,65.1,intra
276,2.662,1.841,0.3889,0.6364,581.1,70.9,intra
277,1.065,1.164,0.8385,0.9032,60.9,65.5,intra
278,1.825,1.524,0.8826,0.8889,96.0,68.4,intra
279,4.905,2.499,0.2938,0.6202,133.6,74.8,intra
280,0.951,1.1,1.0,0.9259,524.9,66.8,intra
281,0.608,0.88,1.0,0.8889,596.3,65.9,intra
282,5.552,2.659,0.2941,0.646,201.3,75.6,inter
283,0.761,0.984,1.0,1.0,308.8,67.0,intra
284,1.065,1.164,0.636,0.7368,617.9,68.5,intra
285,8.137,3.219,0.563,0.7726,628.4,75.2,intra
286,0.646,0.907,1.0,0.8947,674.9,66.1,intra
287,0.837,1.032,1.0,0.9167,256.8,69.8,intra
288,0.761,0.984,1.0,0.9524,600.5,69.2,intra
289,1.293,1.283,0.6597,0.7234,9.0,71.2,intra
290,2.548,1.801,0.7477,0.8701,77.0,71.1,intra
291,3.232,2.029,0.2656,0.509,408.3,79.0,intra
292,0.989,1.122,1.0,0.9286,427.3,69.9,intra
294,1.483,1.374,0.6374,0.7959,570.4,71.4,intra
295,0.532,0.823,1.0,1.0,647.5,69.7,intra
296,0.837,1.032,1.0,1.0,667.2,69.8,intra
297,2.852,1.906,0.4374,0.6757,17.8,75.9,intra
298,1.179,1.225,1.0,0.9394,478.1,71.1,intra
302,2.053,1.617,0.5305,0.7297,338.4,75.2,intra
303,1.863,1.54,0.8009,0.8596,466.0,74.2,intra
304,1.749,1.492,0.9453,0.902,532.5,73.9,intra
305,3.194,2.017,0.3786,0.5714,45.3,79.1,intra
306,0.532,0.823,1.0,1.0,66.5,73.0,intra
308,3.422,2.087,0.6125,0.8036,395.6,78.5,intra
309,1.483,1.374,1.0,0.975,435.4,73.3,intra
311,0.761,0.984,1.0,0.9524,411.6,74.8,intra
312,0.989,1.122,0.811,0.7879,514.7,74.7,intra
313,5.476,2.64,0.4939,0.7094,539.8,83.5,inter
315,2.396,1.746,0.463,0.759,591.9,78.4,intra
317,5.666,2.686,0.4974,0.7602,112.0,79.8,inter
318,1.369,1.32,0.9257,0.878,265.1,75.4,intra
319,1.901,1.556,0.7486,0.8772,59.9,77.7,intra
320,1.863,1.54,0.5095,0.7424,247.8,80.5,intra
321,0.799,1.008,1.0,0.8077,524.2,77.0,intra
322,8.251,3.241,0.272,0.6345,658.0,86.4,inter
323,1.825,1.524,1.0,0.8889,27.0,80.3,intra
324,0.646,0.907,0.8097,0.7727,228.6,77.6,intra
326,1.103,1.185,0.6847,0.7436,460.1,80.0,intra
327,0.989,1.122,1.0,0.8667,602.0,78.5,intra
330,0.722,0.959,1.0,0.95,477.4,79.7,intra
331,0.761,0.984,1.0,0.9524,220.1,80.0,intra
333,0.799,1.008,1.0,0.8077,565.3,80.9,intra
334,1.065,1.164,0.8886,0.8235,574.5,80.1,intra
335,0.875,1.055,1.0,0.8214,380.8,81.7,intra
336,3.384,2.076,0.583,0.7607,280.7,88.4,intra
337,1.331,1.302,0.7094,0.8333,423.1,82.9,intra
339,0.722,0.959,1.0,1.0,187.9,82.6,intra
340,1.179,1.225,1.0,0.9394,291.5,82.9,intra
341,1.331,1.302,1.0,0.9722,317.8,84.7,intra
342,0.722,0.959,1.0,0.9048,512.8,83.4,intra
344,1.939,1.571,0.5189,0.7612,19.6,87.1,intra
345,1.179,1.225,0.8575,0.8611,92.2,85.5,intra
346,0.57,0.852,1.0,0.8824,269.6,84.1,intra
347,1.331,1.302,0.9171,0.875,345.3,84.6,intra
348,1.597,1.426,0.5231,0.7778,463.2,88.0,intra
349,0.875,1.055,0.9642,0.92,505.5,84.1,intra
350,0.646,0.907,1.0,0.9444,551.6,84.1,intra
351,1.255,1.264,1.0,0.8919,67.5,85.9,intra
352,2.053,1.617,0.5965,0.7714,128.4,86.0,intra
353,1.749,1.492,0.7299,0.8214,151.8,88.0,intra
354,1.901,1.556,0.6161,0.7353,182.5,88.7,intra
355,0.799,1.008,1.0,0.913,233.7,84.5,intra
357,2.167,1.661,0.3917,0.6264,611.2,88.2,intra
359,6.502,2.877,0.2531,0.5719,300.0,96.2,inter
360,1.407,1.338,0.9398,0.9487,385.3,88.6,intra
361,2.624,1.828,0.5427,0.7931,472.1,88.6,intra
362,0.684,0.934,1.0,0.9,570.6,87.1,intra
363,0.799,1.008,0.8667,0.75,641.9,86.9,intra
364,0.875,1.055,1.0,0.8519,207.7,88.3,intra
366,1.179,1.225,0.5222,0.7209,599.6,87.4,intra
367,0.913,1.078,1.0,0.8889,74.8,87.8,intra
368,0.532,0.823,1.0,0.875,142.2,87.9,intra
369,0.532,0.823,1.0,0.875,243.4,88.1,intra
370,0.646,0.907,1.0,1.0,376.7,87.3,intra
371,2.776,1.88,0.9564,0.9241,433.3,91.2,intra
374,9.278,3.437,0.1747,0.4648,33.0,98.4,inter
375,0.57,0.852,1.0,1.0,82.7,87.9,intra
376,0.646,0.907,1.0,0.9444,99.8,89.6,intra
377,2.167,1.661,0.537,0.6333,198.4,93.6,intra
379,0.684,0.934,0.9736,0.7826,529.9,89.9,intra
380,1.445,1.356,0.6987,0.7917,667.3,92.9,intra
381,1.103,1.185,0.7895,0.725,250.2,93.0,intra
382,3.156,2.005,0.395,0.6484,265.5,95.6,intra
383,1.369,1.32,0.8153,0.878,368.4,92.9,intra
384,1.863,1.54,0.7479,0.7903,413.2,92.9,intra
385,0.684,0.934,1.0,0.9,423.9,92.7,intra
386,0.646,0.907,1.0,0.8947,63.8,92.8,intra
387,1.673,1.46,0.6185,0.8302,106.6,97.4,intra
388,0.913,1.078,0.9674,0.8889,229.9,94.5,intra
389,0.875,1.055,0.7426,0.7931,320.9,94.1,intra
390,7.795,3.15,0.6813,0.865,348.7,101.6,intra
392,1.217,1.245,0.8852,0.8889,398.4,95.9,intra
393,1.369,1.32,0.6853,0.7347,452.6,95.2,intra
394,17.377,4.704,0.1616,0.5814,641.8,109.9,inter
395,0.608,0.88,1.0,0.8889,56.5,96.0,intra
396,1.483,1.374,0.5717,0.7091,76.2,97.7,intra
397,1.369,1.32,1.0,0.973,358.4,97.0,intra
398,3.118,1.992,0.3955,0.6833,563.3,101.0,intra
399,0.646,0.907,1.0,0.85,582.8,95.1,intra
400,0.875,1.055,0.8524,0.7667,440.7,97.7,intra
401,24.906,5.631,0.0743,0.3951,567.6,116.9,inter
403,2.966,1.943,0.4673,0.6964,289.8,103.8,intra
404,0.608,0.88,1.0,1.0,485.5,98.0,intra
405,1.065,1.164,0.9674,0.9333,495.7,97.9,intra
406,1.179,1.225,0.8774,0.8378,536.3,99.5,intra
407,1.635,1.443,0.8273,0.86,544.4,100.6,intra
408,2.243,1.69,0.4417,0.6344,8.0,103.8,intra
409,1.027,1.143,0.9929,0.9,115.0,100.3,intra
410,0.608,0.88,1.0,0.9412,138.8,100.8,intra
412,1.141,1.205,0.5883,0.6977,314.3,102.0,intra
413,2.548,1.801,1.0,0.9437,427.9,102.2,intra
414,0.608,0.88,1.0,0.9412,675.3,100.1,intra
415,0.684,0.934,1.0,0.9,90.9,101.2,intra
416,0.608,0.88,1.0,0.7619,126.9,101.0,intra
417,0.684,0.934,1.0,0.9474,192.2,101.2,intra
418,1.673,1.46,0.8091,0.88,250.9,101.3,intra
419,0.684,0.934,0.9269,0.8182,403.1,102.0,intra
421,0.875,1.055,1.0,0.92,603.7,100.9,intra
423,1.331,1.302,0.6539,0.7778,102.1,105.1,intra
426,0.608,0.88,1.0,0.9412,555.4,101.8,intra
427,0.761,0.984,0.8875,0.8,162.2,103.8,intra
428,0.799,1.008,1.0,0.9545,234.7,103.2,intra
429,3.308,2.052,0.3916,0.6692,278.0,107.9,intra
430,2.472,1.774,0.5544,0.7647,338.6,107.4,intra
431,1.901,1.556,0.7192,0.8197,506.5,104.3,intra
433,2.586,1.814,0.631,0.8193,327.1,109.5,intra
434,0.875,1.055,0.9918,0.8519,57.2,104.8,intra
436,3.004,1.956,0.6653,0.79,266.2,110.0,intra
437,1.027,1.143,0.9929,0.9,76.8,106.9,intra
438,6.921,2.968,0.5147,0.7398,218.6,112.4,intra
439,0.761,0.984,0.9288,0.8696,477.8,105.4,intra
440,0.761,0.984,1.0,1.0,123.8,107.0,intra
441,1.787,1.508,0.8268,0.8545,619.2,108.4,intra
442,1.141,1.205,0.8326,0.7317,17.9,108.9,intra
443,1.901,1.556,0.7012,0.7353,244.9,112.9,intra
444,0.989,1.122,0.7506,0.7879,399.9,107.9,intra
445,1.217,1.245,1.0,0.9143,450.2,109.2,intra
447,0.722,0.959,1.0,1.0,527.3,108.2,intra
448,0.799,1.008,0.9959,0.8077,168.0,109.6,intra
449,0.646,0.907,0.895,0.7083,364.4,110.6,intra
450,1.521,1.392,0.8108,0.8333,511.5,109.6,intra
451,0.875,1.055,1.0,0.8519,668.1,109.9,intra
452,0.913,1.078,0.7237,0.8,67.5,111.2,intra
453,0.684,0.934,1.0,0.9474,495.4,109.2,intra
455,1.331,1.302,0.7546,0.7955,533.1,112.4,intra
456,0.57,0.852,1.0,0.7895,159.5,112.0,intra
458,0.532,0.823,1.0,0.875,471.4,112.6,intra
460,1.217,1.245,0.704,0.8421,233.7,115.4,intra
461,0.532,0.823,1.0,0.9333,250.8,112.8,intra
462,0.761,0.984,0.7383,0.6452,437.1,115.0,intra
463,0.57,0.852,1.0,1.0,661.9,113.3,intra
464,0.57,0.852,1.0,0.7895,106.7,113.3,intra
466,0.989,1.122,0.8251,0.8387,290.2,114.0,intra
467,2.586,1.814,0.8581,0.8831,397.0,116.0,intra
468,3.156,2.005,0.4679,0.7411,425.5,118.8,intra
469,0.761,0.984,0.8837,0.8,83.0,116.6,intra
470,0.761,0.984,1.0,0.9091,136.4,114.3,intra
471,2.358,1.733,0.472,0.6263,300.3,119.7,intra
472,0.532,0.823,1.0,0.9333,444.1,115.4,intra
473,1.597,1.426,0.683,0.7925,596.9,118.6,intra
474,1.255,1.264,0.9013,0.8919,673.7,115.1,intra
475,4.373,2.36,0.6942,0.8394,315.4,120.7,intra
476,1.407,1.338,0.6063,0.7115,101.2,119.3,intra
477,0.684,0.934,1.0,1.0,347.5,117.0,intra
478,1.255,1.264,0.8329,0.8462,462.4,117.6,intra
479,0.57,0.852,1.0,0.8333,524.1,116.4,intra
480,1.901,1.556,1.0,0.9804,614.6,119.6,intra
481,2.434,1.76,0.416,0.6598,12.1,120.3,intra
482,0.608,0.88,1.0,1.0,88.6,117.8,intra
484,1.217,1.245,0.9616,0.9412,480.8,120.6,intra
485,0.57,0.852,1.0,0.8824,63.4,117.7,intra
486,1.369,1.32,1.0,0.9231,129.5,120.0,intra
488,0.608,0.88,1.0,0.9412,387.1,118.9,intra
489,1.673,1.46,0.7411,0.8302,149.0,120.1,intra
490,1.407,1.338,0.9196,0.8605,190.4,120.4,intra
491,1.293,1.283,0.7885,0.7907,285.3,121.6,intra
492,0.57,0.852,1.0,0.9375,454.7,120.1,intra
494,0.913,1.078,1.0,0.8889,26.0,122.2,intra
495,6.54,2.886,0.5996,0.7963,39.6,128.9,intra
496,1.179,1.225,0.5716,0.6739,215.5,123.1,intra
497,1.179,1.225,0.6408,0.775,662.5,122.1,intra
498,0.837,1.032,0.9487,0.88,165.3,123.2,intra
499,1.065,1.164,1.0,0.875,256.4,124.2,intra
500,0.57,0.852,1.0,0.7895,342.4,123.1,intra
501,0.608,0.88,1.0,0.9412,400.1,122.8,intra
502,0.951,1.1,1.0,1.0,541.8,123.6,intra
503,1.787,1.508,0.5867,0.7015,439.7,127.0,intra
504,0.608,0.88,1.0,1.0,107.0,124.5,intra
506,1.179,1.225,1.0,0.9118,388.7,125.6,intra
507,1.065,1.164,0.9301,0.875,508.1,126.6,intra
508,3.574,2.133,0.4609,0.7344,518.6,129.4,intra
509,1.559,1.409,0.9974,0.9111,246.5,127.0,intra
510,7.567,3.104,0.494,0.721,369.8,132.3,inter
511,0.837,1.032,1.0,1.0,624.9,125.9,intra
512,0.57,0.852,1.0,0.9375,651.9,125.4,intra
513,0.761,0.984,1.0,0.9091,50.0,128.0,intra
514,0.913,1.078,1.0,0.96,175.8,127.4,intra
515,3.27,2.041,0.4682,0.789,214.2,131.7,intra
516,0.684,0.934,1.0,0.9474,265.2,126.6,intra
517,1.255,1.264,0.8028,0.9167,147.5,130.4,intra
518,1.293,1.283,0.9944,0.9189,187.8,129.3,intra
519,1.103,1.185,0.8714,0.8286,278.4,128.7,intra
520,1.027,1.143,1.0,0.9,289.3,129.1,intra
522,0.761,0.984,1.0,0.9091,428.3,129.2,intra
523,1.863,1.54,0.596,0.7424,548.0,131.9,intra
524,1.293,1.283,0.7909,0.7727,596.1,130.4,intra
526,0.684,0.934,1.0,0.9,325.1,129.6,intra
527,0.837,1.032,1.0,0.9565,334.2,129.7,intra
528,0.837,1.032,1.0,0.9167,383.7,130.9,intra
529,0.684,0.934,0.9269,0.8182,410.7,129.6,intra
530,11.712,3.862,0.1259,0.4151,605.7,147.0,inter
532,0.761,0.984,0.9987,0.8333,123.8,131.4,intra
533,5.59,2.668,0.2073,0.5589,318.0,141.3,inter
534,1.141,1.205,0.8167,0.8108,348.8,131.1,intra
536,5.095,2.547,0.2714,0.6634,664.5,137.6,inter
537,0.532,0.823,1.0,1.0,5.5,131.5,intra
538,0.646,0.907,1.0,0.9444,93.1,132.2,intra
539,0.684,0.934,1.0,0.9474,300.1,131.4,intra
544,2.358,1.733,0.8123,0.8611,65.5,135.6,intra
545,1.293,1.283,0.911,0.8718,163.1,133.2,intra
546,0.57,0.852,1.0,0.8333,309.1,132.7,intra
547,14.107,4.238,0.4361,0.7176,393.3,142.0,inter
548,1.901,1.556,0.7192,0.7042,341.3,138.1,intra
549,5.247,2.585,0.4048,0.7797,181.3,139.9,inter
551,1.103,1.185,0.8714,0.8788,435.4,134.3,intra
553,2.586,1.814,0.4726,0.7312,643.2,139.4,intra
555,1.559,1.409,0.7049,0.6833,112.4,137.4,intra
556,0.532,0.823,1.0,1.0,141.9,135.1,intra
557,0.837,1.032,0.8275,0.8148,266.0,137.6,intra
558,8.518,3.293,0.2281,0.5864,458.7,143.5,inter
560,0.837,1.032,0.7573,0.7333,651.6,136.3,intra
561,0.57,0.852,1.0,0.9375,51.5,136.4,intra
562,4.563,2.41,0.4748,0.7595,201.0,142.6,intra
563,3.346,2.064,0.6863,0.7857,413.0,142.0,intra
564,0.57,0.852,1.0,1.0,422.3,137.3,intra
565,0.684,0.934,1.0,0.9,478.0,138.2,intra
566,1.027,1.143,0.9929,0.9,16.9,138.5,intra
567,0.722,0.959,0.9244,0.8261,126.7,138.1,intra
568,10.343,3.629,0.4314,0.6851,233.0,148.1,inter
569,0.951,1.1,0.8101,0.8065,295.4,137.6,intra
570,1.293,1.283,1.0,1.0,137.0,139.5,intra
571,0.532,0.823,1.0,0.9333,159.9,139.1,intra
572,0.951,1.1,0.8274,0.8333,331.2,139.2,intra
573,0.684,0.934,1.0,0.8571,430.1,139.2,intra
574,0.799,1.008,0.8596,0.875,30.8,140.2,intra
575,1.483,1.374,0.6968,0.6964,83.9,141.3,intra
576,0.875,1.055,1.0,0.9583,95.5,140.6,intra
577,1.217,1.245,1.0,0.9143,500.7,141.1,intra
578,0.57,0.852,1.0,0.9375,513.1,139.5,intra
579,1.103,1.185,0.8982,0.8286,562.2,141.6,intra
580,0.57,0.852,1.0,0.8333,259.3,140.9,intra
581,1.521,1.392,0.7844,0.8511,249.0,143.4,intra
582,0.608,0.88,1.0,0.8889,73.2,142.8,intra
583,0.532,0.823,1.0,1.0,167.2,142.6,intra
585,2.129,1.647,0.5139,0.6512,485.0,148.3,intra
586,1.255,1.264,0.8355,0.825,489.5,144.5,intra
587,0.646,0.907,1.0,1.0,424.1,143.6,intra
588,2.548,1.801,0.478,0.6569,673.1,149.2,intra
589,1.331,1.302,0.9906,0.8974,45.1,146.5,intra
590,0.722,0.959,0.953,0.76,572.7,145.4,intra
592,1.065,1.164,1.0,0.9333,354.0,145.7,intra
593,1.217,1.245,0.6576,0.7273,568.6,149.8,intra
594,1.369,1.32,0.9433,0.9,107.2,148.6,intra
596,2.053,1.617,0.4974,0.7606,302.7,150.6,intra
597,2.091,1.632,0.6228,0.8209,499.4,150.8,intra
598,0.532,0.823,1.0,1.0,513.7,146.5,intra
601,0.761,0.984,0.9058,0.8,115.8,148.2,intra
603,0.761,0.984,1.0,0.9091,260.2,149.1,intra
604,1.103,1.185,0.7208,0.7632,295.0,151.5,intra
605,0.722,0.959,1.0,1.0,321.2,148.7,intra
606,0.608,0.88,1.0,0.7273,523.8,149.1,intra
608,0.913,1.078,0.8826,0.8889,176.9,150.8,intra
609,0.722,0.959,1.0,0.9048,215.7,150.4,intra
610,4.639,2.43,0.4156,0.7052,426.0,156.2,intra
611,1.065,1.164,0.8527,0.8,21.5,151.3,intra
612,0.57,0.852,1.0,0.8824,30.1,151.8,intra
613,0.646,0.907,1.0,0.8095,38.2,150.6,intra
614,0.761,0.984,0.902,0.7692,131.4,150.6,intra
616,1.635,1.443,0.7335,0.7414,328.2,154.3,intra
617,0.761,0.984,1.0,1.0,409.7,151.2,intra
618,2.129,1.647,0.5377,0.7179,557.3,153.9,intra
619,2.814,1.893,0.4093,0.6981,644.1,155.6,intra
621,1.141,1.205,0.6814,0.8333,377.6,154.0,intra
622,2.053,1.617,0.7029,0.806,633.4,154.3,intra
623,1.179,1.225,0.7705,0.8378,146.9,154.6,intra
624,0.608,0.88,1.0,1.0,365.0,152.5,intra
625,5.171,2.566,0.2484,0.5738,468.3,159.6,inter
627,0.532,0.823,1.0,0.8235,63.1,154.4,intra
628,0.837,1.032,0.7769,0.8148,254.3,153.7,intra
630,0.722,0.959,1.0,0.9048,601.6,153.6,intra
631,0.646,0.907,1.0,0.85,190.4,155.2,intra
633,1.027,1.143,0.6943,0.7297,351.3,156.9,intra
634,0.913,1.078,1.0,0.96,390.0,154.4,intra
635,0.532,0.823,1.0,1.0,481.5,154.5,intra
636,1.863,1.54,0.5056,0.6712,658.5,156.1,intra
637,1.179,1.225,0.9507,0.9118,91.6,156.0,intra
638,0.684,0.934,1.0,0.8571,121.0,155.9,intra
639,0.57,0.852,1.0,0.8333,163.9,156.5,intra
640,1.217,1.245,0.7785,0.8421,175.0,156.8,intra
641,0.989,1.122,0.7973,0.7879,547.7,156.7,intra
643,1.521,1.392,0.7375,0.8889,211.2,157.8,intra
644,0.608,0.88,1.0,0.8889,221.7,155.9,intra
645,0.646,0.907,1.0,0.9444,415.9,156.5,intra
646,1.179,1.225,0.9283,0.9118,540.4,159.5,intra
647,1.027,1.143,0.9129,0.7105,76.0,159.3,intra
648,3.574,2.133,0.5346,0.7705,364.8,160.3,intra
649,1.103,1.185,0.7208,0.7838,393.9,158.9,intra
650,1.825,1.524,0.6747,0.8,100.3,160.8,intra
651,1.635,1.443,0.7354,0.8269,196.5,161.7,intra
652,0.684,0.934,1.0,0.8182,506.7,159.8,intra
653,1.445,1.356,0.6582,0.7755,596.6,161.0,intra
654,0.837,1.032,1.0,1.0,21.1,160.0,intra
655,0.532,0.823,0.9725,0.7778,260.3,159.8,intra
656,0.761,0.984,1.0,1.0,289.8,160.2,intra
657,0.684,0.934,1.0,0.9474,304.7,160.2,intra
658,3.841,2.211,0.5644,0.771,492.1,163.8,intra
660,0.532,0.823,1.0,1.0,34.0,160.5,intra
661,1.559,1.409,0.5174,0.7069,182.3,164.4,intra
663,1.065,1.164,1.0,0.9032,408.8,162.4,intra
665,1.977,1.587,0.4728,0.7879,569.6,162.4,intra
666,0.951,1.1,0.9229,0.8621,676.0,162.6,intra
667,0.684,0.934,0.8574,0.75,120.4,162.6,intra
668,0.646,0.907,1.0,0.9444,128.4,162.5,intra
669,2.396,1.746,0.4539,0.6774,347.4,165.8,intra
670,1.483,1.374,0.9346,0.8478,450.3,162.8,intra
672,9.012,3.387,0.2215,0.578,548.8,172.4,inter
673,0.684,0.934,1.0,0.9,581.1,164.4,intra
674,0.646,0.907,1.0,0.9444,627.9,163.7,intra
675,0.608,0.88,1.0,0.8421,271.9,165.1,intra
677,1.293,1.283,0.6187,0.68,315.4,167.6,intra
679,0.799,1.008,0.884,0.875,664.6,165.8,intra
680,0.875,1.055,0.6911,0.6765,14.7,167.0,intra
682,1.331,1.302,0.8514,0.7778,227.0,167.0,intra
683,3.879,2.222,0.3065,0.6939,280.3,171.1,intra
684,1.597,1.426,0.6488,0.7241,473.4,170.4,intra
685,7.567,3.104,0.2661,0.6086,619.5,178.9,inter
687,0.646,0.907,0.9716,0.7727,212.6,168.3,intra
688,1.445,1.356,0.6434,0.7308,322.0,171.1,intra
689,10.419,3.642,0.2333,0.5458,376.6,173.0,inter
690,0.875,1.055,1.0,0.9583,457.8,167.9,intra
691,4.069,2.276,0.6751,0.8425,522.7,172.7,intra
692,2.129,1.647,0.4553,0.6588,602.2,174.5,intra
693,2.015,1.602,0.6364,0.8281,636.8,171.4,intra
694,0.532,0.823,1.0,1.0,6.9,167.9,intra
695,1.635,1.443,0.6823,0.8113,148.7,170.7,intra
696,0.57,0.852,1.0,1.0,247.1,168.3,intra
698,1.103,1.185,0.8894,0.9355,31.3,172.3,intra
700,0.989,1.122,0.8637,0.8387,127.0,170.1,intra
701,2.32,1.719,0.47,0.7176,253.8,174.4,intra
702,1.103,1.185,0.9203,0.8286,267.1,170.9,intra
703,0.684,0.934,1.0,0.8182,445.5,171.2,intra
704,1.179,1.225,0.7429,0.7381,569.9,173.0,intra
705,1.141,1.205,0.8805,0.7895,36.7,173.5,intra
706,0.646,0.907,1.0,0.9444,177.5,172.1,intra
707,2.053,1.617,0.491,0.7013,195.2,173.5,intra
708,0.646,0.907,1.0,0.9444,233.9,172.2,intra
709,0.837,1.032,0.9721,0.88,85.2,173.5,intra
710,0.837,1.032,1.0,0.9565,294.4,172.5,intra
711,0.532,0.823,1.0,1.0,596.5,172.5,intra
713,2.205,1.676,0.4658,0.725,115.3,175.8,intra
715,0.57,0.852,1.0,1.0,398.4,174.4,intra
717,1.027,1.143,1.0,1.0,14.9,175.4,intra
718,0.532,0.823,1.0,1.0,21.0,176.5,intra
719,1.217,1.245,0.8654,0.8,61.7,177.1,intra
720,0.532,0.823,1.0,0.9333,144.1,176.0,intra
721,1.407,1.338,0.6932,0.7708,170.2,176.7,intra
722,1.217,1.245,1.0,0.9143,244.4,176.8,intra
723,1.293,1.283,0.9405,0.8947,309.8,177.1,intra
724,0.532,0.823,1.0,1.0,438.3,176.4,intra
725,0.989,1.122,0.9562,0.8966,457.4,177.6,intra
726,0.532,0.823,1.0,0.9333,502.3,175.9,intra
730,2.358,1.733,0.4737,0.7294,330.9,179.8,intra
731,0.57,0.852,1.0,0.9375,359.1,177.2,intra
732,0.608,0.88,1.0,0.8421,672.2,176.4,intra
734,6.046,2.775,0.2308,0.5336,193.6,185.6,inter
735,0.608,0.88,1.0,0.8421,663.4,178.1,intra
736,0.722,0.959,0.7998,0.7917,207.4,180.7,intra
737,0.837,1.032,1.0,0.9565,533.3,180.1,intra
739,1.103,1.185,0.9014,0.8056,50.1,181.0,intra
741,2.7,1.854,0.6245,0.8161,476.9,183.7,intra
742,6.084,2.783,0.3048,0.6226,493.6,189.1,inter
743,2.472,1.774,0.343,0.5372,38.2,187.1,intra
745,3.993,2.255,0.3179,0.5645,454.4,184.6,intra
746,1.369,1.32,0.8948,0.8372,562.8,182.4,intra
747,0.532,0.823,1.0,0.9333,575.6,181.4,intra
748,0.684,0.934,0.792,0.6667,643.0,180.9,intra
749,0.684,0.934,0.9736,0.8182,274.1,181.9,intra
752,1.825,1.524,0.7943,0.8571,346.1,185.8,intra
753,1.141,1.205,0.9929,0.8824,380.6,184.3,intra
754,1.027,1.143,0.6568,0.7941,501.4,184.9,intra
756,1.825,1.524,0.5561,0.64,81.2,187.1,intra
757,0.608,0.88,1.0,0.8421,110.6,185.0,intra
758,2.396,1.746,0.5442,0.7412,176.3,186.3,intra
759,0.684,0.934,1.0,1.0,233.5,184.0,intra
760,1.597,1.426,0.7847,0.7778,425.5,185.7,intra
761,0.646,0.907,1.0,0.9444,570.1,184.4,intra
762,3.194,2.017,0.53,0.785,660.8,189.4,intra
763,0.532,0.823,1.0,0.9333,165.8,184.5,intra
764,0.722,0.959,0.905,0.7917,256.6,185.7,intra
765,0.799,1.008,1.0,0.9545,314.1,185.2,intra
766,2.548,1.801,0.8455,0.8816,402.6,189.0,intra
769,2.814,1.893,0.6123,0.8043,308.7,191.1,intra
770,0.761,0.984,1.0,0.8696,337.9,186.8,intra
771,4.107,2.287,0.2824,0.6171,522.3,189.1,intra
772,0.646,0.907,1.0,0.7727,635.5,187.1,intra
773,1.635,1.443,0.7153,0.8431,61.1,190.7,intra
774,1.977,1.587,0.6664,0.7429,275.8,190.4,intra
775,0.684,0.934,1.0,0.7826,668.8,187.2,intra
776,0.913,1.078,0.5549,0.6154,14.1,188.2,intra
778,0.761,0.984,0.691,0.6452,264.7,188.8,intra
779,0.722,0.959,0.7809,0.76,602.6,187.2,intra
780,0.951,1.1,1.0,0.9259,651.2,188.3,intra
781,2.167,1.661,0.4578,0.6867,49.2,192.4,intra
782,0.57,0.852,1.0,1.0,123.4,189.2,intra
783,1.141,1.205,0.7189,0.7692,144.3,189.5,intra
784,0.875,1.055,0.9918,0.8214,229.9,188.7,intra
785,1.483,1.374,0.5953,0.6842,362.8,188.7,intra
786,0.532,0.823,1.0,1.0,416.5,188.5,intra
787,2.434,1.76,0.4881,0.7619,162.6,195.5,intra
788,1.863,1.54,0.628,0.8167,353.4,193.1,intra
789,0.608,0.88,1.0,0.8889,591.1,189.9,intra
790,0.608,0.88,1.0,0.8889,213.6,192.0,intra
792,2.966,1.943,0.6593,0.7959,473.2,193.1,intra
793,3.08,1.98,0.3544,0.6231,607.1,195.8,intra
794,1.863,1.54,0.5271,0.6203,671.2,195.7,intra
795,4.639,2.43,0.7309,0.8777,322.8,195.7,intra
796,0.989,1.122,0.6943,0.6842,393.1,193.0,intra
797,1.787,1.508,0.9217,0.8704,102.3,195.4,intra
799,10.191,3.602,0.647,0.8673,254.3,199.8,intra
800,0.608,0.88,1.0,0.8421,508.4,194.0,intra
801,2.243,1.69,0.3599,0.5673,563.7,197.0,intra
802,1.103,1.185,0.7481,0.8286,573.1,192.3,intra
803,1.179,1.225,1.0,0.9688,620.9,194.0,intra
805,1.103,1.185,0.8022,0.8286,136.6,193.9,intra
806,2.51,1.788,0.5337,0.7253,418.7,196.5,intra
808,5.324,2.603,0.4262,0.7143,152.4,201.1,inter
810,0.761,0.984,1.0,0.9524,240.8,194.5,intra
811,1.179,1.225,0.8744,0.8158,549.7,195.0,intra
813,0.646,0.907,1.0,0.9444,87.7,195.6,intra
814,7.871,3.166,0.2694,0.6832,193.8,206.7,inter
815,1.217,1.245,0.6899,0.8,220.1,199.1,intra
816,0.837,1.032,1.0,0.9167,268.7,196.9,intra
817,5.78,2.713,0.4764,0.8172,299.2,202.0,inter
818,0.722,0.959,1.0,0.95,41.9,196.6,intra
819,0.684,0.934,0.969,0.8182,68.7,196.9,intra
820,0.532,0.823,1.0,1.0,124.5,196.3,intra
821,2.358,1.733,0.7541,0.8493,443.0,198.3,intra
823,0.532,0.823,1.0,0.9333,583.4,197.2,intra
824,0.684,0.934,1.0,0.8571,647.2,197.5,intra
825,0.608,0.88,1.0,1.0,5.4,198.4,intra
826,0.532,0.823,1.0,0.875,347.9,198.1,intra
827,0.532,0.823,1.0,1.0,388.8,197.6,intra
828,0.799,1.008,0.7416,0.7778,588.2,198.9,intra
829,1.901,1.556,0.5098,0.7353,58.6,203.0,intra
831,0.532,0.823,1.0,0.9333,290.1,199.6,intra
832,0.532,0.823,1.0,0.8235,362.1,198.8,intra
833,0.989,1.122,1.0,0.9286,370.2,199.0,intra
834,0.608,0.88,1.0,0.8421,430.4,199.6,intra
835,1.103,1.185,0.6868,0.7073,538.3,201.0,intra
836,0.608,0.88,1.0,1.0,52.0,199.5,intra
837,0.722,0.959,0.8824,0.7308,379.7,200.6,intra
838,1.179,1.225,0.7167,0.7209,636.9,200.9,intra
839,1.331,1.302,0.6883,0.7609,20.9,202.9,intra
840,0.57,0.852,0.9807,0.8824,237.8,201.5,intra
841,0.837,1.032,1.0,0.9565,409.4,202.0,intra
843,1.711,1.476,0.758,0.8333,554.2,203.4,intra
844,0.722,0.959,1.0,0.76,576.7,202.8,intra
846,2.358,1.733,0.4504,0.7294,126.5,204.4,intra
848,0.799,1.008,1.0,0.8077,529.1,203.7,intra
849,0.684,0.934,0.8948,0.8182,629.7,203.1,intra
850,0.532,0.823,1.0,0.7368,84.8,204.8,intra
851,2.396,1.746,0.4661,0.6774,106.8,206.2,intra
852,1.065,1.164,0.72,0.8,175.0,206.0,intra
854,0.989,1.122,1.0,0.9286,387.8,204.2,intra
858,0.722,0.959,1.0,0.9048,515.9,204.1,intra
859,0.837,1.032,0.7769,0.7097,614.3,207.4,intra
860,0.799,1.008,0.8631,0.7778,39.6,206.7,intra
861,0.532,0.823,1.0,0.9333,72.6,205.0,intra
864,0.799,1.008,1.0,0.84,561.7,205.3,intra
866,1.331,1.302,0.6575,0.7,94.1,208.7,intra
867,1.369,1.32,1.0,0.9,334.9,207.4,intra
868,1.483,1.374,0.9517,0.8864,457.7,206.3,intra
869,1.749,1.492,0.7175,0.8679,585.3,208.5,intra
870,0.837,1.032,1.0,0.8148,640.5,206.0,intra
871,3.536,2.122,0.5123,0.775,312.6,211.5,intra
872,0.989,1.122,0.8759,0.8966,519.9,209.0,intra
873,0.875,1.055,1.0,0.9583,595.4,206.8,intra
876,0.646,0.907,1.0,1.0,76.9,207.6,intra
878,1.103,1.185,0.8482,0.9667,280.2,209.4,intra
879,2.776,1.88,0.6929,0.8795,378.2,212.0,intra
881,0.608,0.88,1.0,0.9412,623.6,207.8,intra
882,1.293,1.283,0.7127,0.8293,657.9,210.8,intra
883,0.608,0.88,1.0,0.8421,165.3,208.9,intra
884,1.065,1.164,1.0,0.9333,231.5,209.5,intra
885,0.684,0.934,1.0,0.9,356.4,209.2,intra
886,0.761,0.984,1.0,1.0,33.3,209.6,intra
887,0.837,1.032,0.7129,0.6875,211.2,210.7,intra
889,0.608,0.88,1.0,0.8889,513.6,209.3,intra
890,1.103,1.185,0.6627,0.7632,534.2,209.9,intra
891,0.913,1.078,1.0,0.9231,606.4,210.5,intra
892,0.684,0.934,1.0,0.9,3.6,211.2,intra
894,1.103,1.185,0.9431,0.9062,366.7,211.8,intra
895,1.483,1.374,0.7525,0.7222,433.1,214.2,intra
896,0.722,0.959,1.0,0.9048,441.1,211.8,intra
897,0.532,0.823,1.0,0.9333,448.4,210.6,intra
898,1.293,1.283,0.8909,0.8947,82.5,212.6,intra
899,1.103,1.185,1.0,0.9355,123.7,213.1,intra
900,1.521,1.392,0.5782,0.7273,398.9,213.2,intra
901,1.179,1.225,0.7971,0.7949,506.2,214.7,intra
903,1.597,1.426,0.6056,0.7778,49.1,214.4,intra
905,0.837,1.032,1.0,0.9565,480.7,212.9,intra
906,9.62,3.5,0.216,0.5349,497.6,227.8,inter
907,0.951,1.1,0.8484,0.7353,577.0,214.4,intra
908,0.684,0.934,1.0,0.9474,590.2,212.7,intra
909,2.434,1.76,0.4356,0.6214,22.5,218.7,intra
913,0.761,0.984,1.0,0.9524,668.9,214.0,intra
914,1.331,1.302,1.0,1.0,112.7,215.1,intra
915,2.472,1.774,0.3894,0.6701,181.1,218.2,intra
916,1.141,1.205,0.8012,0.8333,291.0,215.0,intra
917,3.384,2.076,0.4573,0.7295,618.3,217.5,intra
919,1.635,1.443,0.6363,0.7818,157.1,219.6,intra
920,0.875,1.055,1.0,0.9583,539.1,216.5,intra
921,0.57,0.852,1.0,0.8824,91.4,216.9,intra
922,0.532,0.823,1.0,1.0,340.5,216.5,intra
923,0.913,1.078,1.0,0.96,355.5,216.9,intra
924,0.799,1.008,0.9752,0.84,597.6,219.1,intra
925,0.761,0.984,1.0,0.9091,651.6,216.6,intra
926,3.194,2.017,0.7868,0.8936,257.2,222.6,intra
928,5.171,2.566,0.2801,0.5506,666.2,226.8,inter
929,0.684,0.934,1.0,1.0,367.5,219.0,intra
932,1.977,1.587,0.4532,0.642,41.9,225.0,intra
933,1.179,1.225,1.0,0.8378,83.2,221.4,intra
934,1.027,1.143,0.9535,0.871,166.0,220.1,intra
935,0.532,0.823,0.8426,0.7778,387.9,220.4,intra
936,0.722,0.959,1.0,0.9048,639.9,220.1,intra
937,5.894,2.739,0.3889,0.7176,59.6,228.2,inter
938,0.875,1.055,1.0,0.7419,196.7,222.3,intra
939,0.799,1.008,1.0,0.875,315.6,221.4,intra
940,0.684,0.934,1.0,0.9,114.9,221.7,intra
941,0.608,0.88,1.0,0.7619,127.6,222.7,intra
942,3.384,2.076,0.3767,0.6403,134.4,226.0,intra
943,0.646,0.907,0.7512,0.8095,280.5,223.2,intra
945,2.396,1.746,0.693,0.7975,466.1,223.5,intra
946,0.532,0.823,1.0,1.0,655.9,221.1,intra
947,0.799,1.008,0.7753,0.8077,266.5,222.0,intra
948,1.179,1.225,0.8575,0.8611,305.6,224.8,intra
949,1.673,1.46,0.4921,0.6984,394.1,226.6,intra
950,1.141,1.205,1.0,0.9375,403.1,223.6,intra
951,0.684,0.934,1.0,0.8571,213.2,224.7,intra
952,0.722,0.959,1.0,1.0,289.9,225.3,intra
953,0.646,0.907,1.0,0.85,343.9,223.7,intra
954,0.532,0.823,1.0,1.0,423.5,223.3,intra
955,1.179,1.225,0.8774,0.9118,70.9,227.3,intra
956,0.532,0.823,1.0,0.9333,319.2,225.1,intra
957,1.217,1.245,0.9582,0.8649,337.4,226.8,intra
958,0.684,0.934,0.9227,0.8182,360.5,225.4,intra
959,0.646,0.907,1.0,0.8095,413.1,224.4,intra
960,1.483,1.374,0.6204,0.7647,514.4,225.9,intra
963,1.293,1.283,0.7861,0.7907,11.4,227.5,intra
964,2.7,1.854,0.4863,0.7553,566.0,229.4,intra
965,1.521,1.392,0.7844,0.8333,228.2,228.0,intra
966,4.981,2.518,0.8581,0.9161,249.8,231.6,intra
967,0.951,1.1,0.9805,0.8929,330.3,227.4,intra
968,0.608,0.88,1.0,0.8,449.5,226.5,intra
970,1.293,1.283,0.7861,0.8095,145.2,229.0,intra
971,1.027,1.143,0.9329,0.8438,204.9,228.7,intra
973,2.662,1.841,0.5459,0.814,583.4,233.0,intra
974,1.863,1.54,0.9875,0.9074,617.0,230.1,intra
975,0.722,0.959,0.974,0.7037,185.5,230.9,intra
976,2.053,1.617,1.0,0.9474,488.5,230.9,intra
977,1.711,1.476,0.8297,0.8654,176.8,231.5,intra
978,0.646,0.907,1.0,0.9444,195.9,230.0,intra
980,0.532,0.823,1.0,1.0,349.5,229.5,intra
982,0.837,1.032,1.0,0.88,109.0,231.3,intra
984,1.825,1.524,0.8443,0.9231,402.3,233.8,intra
985,0.532,0.823,1.0,0.875,411.8,231.2,intra
986,1.141,1.205,0.8984,0.8824,442.4,232.5,intra
987,0.951,1.1,0.9194,0.8929,461.8,231.2,intra
988,3.194,2.017,0.3987,0.6269,548.9,236.5,intra
989,0.57,0.852,1.0,0.7895,18.8,231.5,intra
990,0.532,0.823,1.0,0.8235,301.3,231.4,intra
991,1.217,1.245,0.6802,0.7273,366.8,232.4,intra
992,1.027,1.143,0.9748,0.871,383.8,234.1,intra
993,1.217,1.245,0.7668,0.8,429.4,232.5,intra
996,1.369,1.32,0.7808,0.8372,278.5,234.6,intra
997,1.293,1.283,1.0,0.8947,287.8,234.1,intra
998,0.532,0.823,1.0,0.9333,471.5,233.2,intra
999,29.469,6.125,0.2559,0.7532,68.5,255.3,inter
1000,2.662,1.841,0.6864,0.7955,138.1,238.3,intra
1001,0.761,0.984,0.9058,0.8333,219.2,235.6,intra
1002,0.684,0.934,1.0,0.9,232.0,235.4,intra
1003,1.331,1.302,0.8862,0.9211,595.9,237.5,intra
1004,0.837,1.032,1.0,0.9167,30.8,234.9,intra
1005,4.677,2.44,0.8862,0.9248,98.7,237.3,intra
1006,1.483,1.374,0.5597,0.75,9.5,239.5,intra
1008,0.646,0.907,1.0,0.9444,46.9,236.5,intra
1009,0.913,1.078,0.9413,0.8889,198.2,237.3,intra
1010,0.913,1.078,0.7943,0.7742,238.8,236.8,intra
1013,0.875,1.055,0.9271,0.8519,558.0,236.1,intra
1014,0.646,0.907,1.0,0.9444,621.5,236.6,intra
1015,0.608,0.88,1.0,0.8421,675.3,236.8,intra
1016,0.57,0.852,1.0,0.9375,22.5,236.7,intra
1017,1.369,1.32,0.8349,0.8571,153.0,238.1,intra
1018,0.875,1.055,1.0,0.9583,161.6,237.9,intra
1019,3.27,2.041,0.6186,0.8269,528.7,240.5,intra
1020,2.738,1.867,0.7502,0.878,605.4,239.2,intra
1021,1.179,1.225,0.9098,0.8611,210.4,239.6,intra
1022,0.761,0.984,1.0,0.9091,270.1,238.6,intra
1024,4.411,2.37,0.4579,0.7117,569.0,245.8,intra
1025,0.761,0.984,1.0,0.9091,647.2,239.0,intra
1026,1.597,1.426,0.9109,0.84,663.2,237.7,intra
1027,0.684,0.934,1.0,0.9474,117.8,238.7,intra
1028,0.722,0.959,0.8227,0.76,41.1,240.4,intra
1029,1.521,1.392,0.7355,0.8,320.8,241.4,intra
1030,1.103,1.185,1.0,1.0,352.6,240.9,intra
1032,0.837,1.032,1.0,0.88,626.8,240.2,intra
1034,0.57,0.852,1.0,0.8824,53.9,242.4,intra
1035,1.331,1.302,0.6753,0.814,367.2,242.7,intra
1036,0.761,0.984,0.9208,0.9091,516.2,242.0,intra
1038,0.684,0.934,0.7954,0.72,32.4,242.8,intra
1039,0.646,0.907,0.9944,0.8947,108.6,243.2,intra
1041,1.141,1.205,0.8984,0.8824,438.5,242.2,intra
1042,1.977,1.587,0.5119,0.6753,508.3,246.8,intra
1043,0.761,0.984,0.9942,0.9091,14.4,243.9,intra
1045,0.646,0.907,1.0,0.9444,220.8,242.3,intra
1046,0.989,1.122,1.0,0.8966,337.9,242.5,intra
1047,1.179,1.225,0.9873,0.8158,381.2,243.8,intra
1048,0.837,1.032,1.0,0.88,246.2,244.4,intra
1049,0.608,0.88,1.0,0.8421,254.6,245.2,intra
1050,4.905,2.499,0.2364,0.6548,465.8,249.5,intra
1051,2.167,1.661,0.7039,0.8143,4.5,249.5,intra
1052,0.532,0.823,0.8886,0.7,156.5,244.2,intra
1053,1.559,1.409,0.6701,0.7193,195.6,247.3,intra
1054,0.57,0.852,1.0,0.8824,330.4,244.5,intra
1055,1.369,1.32,0.7808,0.7347,479.6,248.2,intra
1056,0.799,1.008,0.9318,0.875,18.6,247.0,intra
1058,2.928,1.931,0.4821,0.7476,415.8,249.9,intra
1059,1.711,1.476,0.843,0.8333,649.8,248.0,intra
1060,1.141,1.205,1.0,0.9091,147.4,247.2,intra
1061,0.722,0.959,1.0,0.95,213.7,247.5,intra
1063,0.799,1.008,1.0,0.8077,531.1,248.0,intra
1064,0.532,0.823,1.0,0.9333,591.8,246.7,intra
1065,1.787,1.508,0.601,0.6528,619.9,249.6,intra
1066,0.951,1.1,1.0,0.9259,102.8,248.6,intra
1067,2.167,1.661,0.8012,0.8382,205.7,251.5,intra
1068,0.532,0.823,1.0,0.9333,286.2,249.0,intra
1069,1.103,1.185,0.8862,0.7632,406.4,249.9,intra
1070,1.711,1.476,0.9702,0.9574,516.4,250.5,intra
1071,1.217,1.245,0.9057,0.8649,582.7,248.4,intra
1072,0.837,1.032,1.0,0.88,630.8,247.8,intra
1073,0.646,0.907,0.6694,0.6296,664.4,247.5,intra
1074,1.027,1.143,0.7924,0.8182,51.3,250.7,intra
1077,1.863,1.54,0.8254,0.875,488.3,252.0,intra
1078,7.415,3.073,0.3834,0.6724,499.6,259.2,inter
1079,1.597,1.426,0.7524,0.8571,28.6,251.9,intra
1080,2.548,1.801,0.4589,0.67,218.3,255.0,intra
1081,0.646,0.907,1.0,0.9444,338.6,249.4,intra
1082,3.726,2.178,0.5525,0.7597,438.4,256.6,intra
1083,2.205,1.676,0.4562,0.7632,673.6,253.2,intra
1084,0.684,0.934,1.0,0.9474,86.9,250.7,intra
1085,0.532,0.823,1.0,0.8235,388.6,250.2,intra
1088,0.532,0.823,1.0,1.0,610.5,250.5,intra
1089,0.57,0.852,1.0,1.0,117.4,251.4,intra
1090,0.608,0.88,1.0,1.0,244.5,251.5,intra
1091,0.989,1.122,1.0,0.963,370.4,252.7,intra
1093,6.883,2.96,0.4673,0.8303,591.3,262.8,inter
1094,0.684,0.934,1.0,0.8182,656.6,252.8,intra
1095,1.445,1.356,0.6289,0.7451,42.6,254.9,intra
1096,0.875,1.055,1.0,0.92,163.3,253.4,intra
1097,1.407,1.338,0.814,0.8409,644.1,255.0,intra
1099,0.722,0.959,0.9784,0.9048,190.2,256.7,intra
1101,2.091,1.632,0.7731,0.8333,526.2,257.3,intra
1102,1.825,1.524,1.0,0.96,598.7,256.0,intra
1103,1.255,1.264,0.4628,0.6471,633.1,257.9,intra
1104,1.179,1.225,0.9838,0.8857,19.0,256.8,intra
1106,0.646,0.907,1.0,0.9444,153.8,256.1,intra
1107,0.646,0.907,0.8271,0.7727,264.1,256.7,intra
1108,0.684,0.934,1.0,0.9474,580.6,255.8,intra
1110,0.761,0.984,0.866,0.7692,84.8,257.2,intra
1111,1.369,1.32,1.0,0.9231,182.9,257.8,intra
1112,0.913,1.078,0.9235,0.8889,298.2,258.0,intra
1114,0.722,0.959,0.9244,0.7917,459.6,257.1,intra
1115,0.761,0.984,0.88,0.8,624.2,257.8,intra
1116,0.646,0.907,1.0,1.0,251.9,257.6,intra
1117,0.532,0.823,1.0,0.9333,310.6,258.3,intra
1118,1.483,1.374,0.7191,0.7959,351.6,259.6,intra
1120,0.684,0.934,0.9736,0.8182,509.3,258.6,intra
1121,1.673,1.46,0.8629,0.8627,562.9,259.9,intra
1122,0.646,0.907,1.0,1.0,2.8,259.7,intra
1124,0.684,0.934,1.0,0.8571,370.8,259.9,intra
1125,1.749,1.492,0.596,0.6301,546.7,259.7,intra
1126,1.141,1.205,0.8984,0.8824,662.2,260.5,intra
1127,0.532,0.823,1.0,0.9333,120.7,259.4,intra
1128,0.722,0.959,1.0,0.8636,139.3,262.3,intra
1129,4.829,2.48,0.6134,0.8355,388.5,265.3,intra
1130,3.308,2.052,0.3533,0.6541,458.2,263.3,intra
1131,1.141,1.205,0.8299,0.8571,482.2,261.5,intra
1132,1.635,1.443,0.4043,0.5443,614.6,260.7,intra
1133,0.532,0.823,1.0,0.875,41.9,260.8,intra
1134,0.608,0.88,0.963,0.8,398.6,260.9,intra
1136,1.293,1.283,0.7127,0.7556,166.4,263.4,intra
1137,0.532,0.823,1.0,0.9333,177.1,262.6,intra
1138,0.57,0.852,1.0,1.0,201.1,261.7,intra
1139,5.285,2.594,0.4438,0.7433,276.2,265.6,inter
1141,1.711,1.476,1.0,0.9574,427.7,264.6,intra
1142,0.722,0.959,1.0,0.7308,579.2,264.0,intra
1144,1.141,1.205,0.6306,0.7143,675.6,265.5,intra
1145,0.875,1.055,1.0,0.9583,226.4,264.9,intra
1147,2.091,1.632,0.4708,0.6707,337.9,267.5,intra
1149,1.179,1.225,0.9838,0.8611,568.5,265.3,intra
1150,0.722,0.959,1.0,0.8261,84.6,266.2,intra
1152,2.548,1.801,0.6885,0.8272,210.2,266.4,intra
1153,11.446,3.817,0.1311,0.5523,531.7,274.9,inter
1154,1.939,1.571,0.4011,0.593,616.8,267.0,intra
1155,10.989,3.741,0.3212,0.7468,661.0,274.0,inter
1156,0.913,1.078,0.736,0.7059,115.9,267.9,intra
1157,4.791,2.47,0.3688,0.6597,447.6,271.9,intra
1159,0.913,1.078,0.8826,0.7742,18.7,267.2,intra
1160,0.989,1.122,1.0,1.0,25.5,267.0,intra
1161,1.217,1.245,1.0,1.0,41.4,267.8,intra
1162,3.118,1.992,0.4549,0.7321,129.4,274.3,intra
1163,0.57,0.852,0.9292,0.7895,200.6,267.7,intra
1164,6.959,2.977,0.1928,0.5244,397.7,278.1,inter
1165,1.141,1.205,0.8167,0.6977,435.3,269.0,intra
1166,0.646,0.907,1.0,0.7083,472.6,268.0,intra
1167,1.255,1.264,0.8028,0.8462,193.3,269.1,intra
1168,2.814,1.893,0.3739,0.6379,363.8,273.8,intra
1169,0.684,0.934,1.0,1.0,650.0,267.5,intra
1171,0.608,0.88,1.0,0.9412,171.6,269.3,intra
1172,1.255,1.264,0.7519,0.8049,292.5,271.6,intra
1174,1.559,1.409,0.9285,0.9535,351.6,272.3,intra
1176,0.799,1.008,1.0,0.8077,411.5,271.0,intra
1177,0.57,0.852,1.0,0.9375,480.3,270.3,intra
1178,0.532,0.823,1.0,0.875,640.9,269.4,intra
1181,1.255,1.264,0.9129,0.8462,157.3,271.3,intra
1183,1.977,1.587,0.6407,0.7761,235.0,275.2,intra
1185,2.852,1.906,0.4867,0.6881,25.8,276.4,intra
1186,0.532,0.823,1.0,0.9333,138.3,272.4,intra
1187,1.217,1.245,1.0,0.8889,259.5,274.0,intra
1188,0.608,0.88,1.0,0.8889,466.3,273.2,intra
1189,1.483,1.374,0.7445,0.7091,496.5,275.1,intra
1190,0.722,0.959,1.0,1.0,506.8,272.5,intra
1192,1.445,1.356,0.7942,0.9268,175.9,276.6,intra
1193,0.646,0.907,1.0,0.85,221.9,273.5,intra
1194,1.939,1.571,0.8035,0.8361,9.6,276.0,intra
1195,0.646,0.907,1.0,0.9444,212.5,275.5,intra
1196,0.57,0.852,1.0,0.8824,331.9,273.9,intra
1197,0.722,0.959,1.0,0.95,477.2,274.9,intra
1200,1.027,1.143,1.0,0.9,644.3,275.6,intra
1202,0.761,0.984,1.0,1.0,304.5,275.5,intra
1204,1.179,1.225,0.9283,0.8857,565.5,276.3,intra
1205,6.73,2.927,0.2378,0.7052,605.3,281.2,inter
1206,0.684,0.934,0.9028,0.7826,47.1,276.9,intra
1207,1.331,1.302,0.7859,0.814,421.2,277.9,intra
1208,0.532,0.823,1.0,0.875,615.5,276.9,intra
1209,1.255,1.264,0.8675,0.7674,139.1,279.1,intra
1210,1.559,1.409,0.6602,0.6721,200.8,283.2,intra
1211,6.274,2.826,0.498,0.7333,432.7,286.0,inter
1212,3.764,2.189,0.3186,0.55,494.5,285.7,intra
1213,0.608,0.88,1.0,0.8,511.8,280.0,intra
1214,0.837,1.032,0.9762,0.8148,54.6,279.7,intra
1215,1.559,1.409,0.6619,0.8367,274.1,283.3,intra
1217,0.989,1.122,1.0,0.963,485.3,279.9,intra
1218,0.532,0.823,0.8886,0.7,543.5,280.0,intra
1219,0.989,1.122,1.0,1.0,558.4,281.0,intra
1220,0.646,0.907,1.0,0.9444,676.2,281.2,intra
1221,0.761,0.984,1.0,0.9091,255.3,281.1,intra
1222,5.476,2.64,0.584,0.8182,321.9,284.6,intra
1223,0.913,1.078,1.0,1.0,470.3,280.9,intra
1224,1.711,1.476,1.0,0.9,95.9,283.3,intra
1225,0.799,1.008,1.0,0.84,269.2,282.9,intra
1227,0.761,0.984,1.0,0.9524,633.4,284.0,intra
1228,0.722,0.959,1.0,1.0,646.9,282.6,intra
1229,0.608,0.88,1.0,0.9412,157.7,283.8,intra
1230,0.989,1.122,0.8574,0.7879,244.2,285.5,intra
1232,1.255,1.264,0.8813,0.8049,5.3,286.8,intra
1233,0.799,1.008,1.0,0.9545,174.0,285.6,intra
1234,0.532,0.823,1.0,0.875,640.2,285.1,intra
1235,5.019,2.528,0.4362,0.7174,35.3,293.0,inter
1236,2.358,1.733,0.6371,0.7294,238.0,292.6,intra
1238,0.608,0.88,1.0,1.0,472.8,285.8,intra
1239,0.57,0.852,1.0,0.8824,132.2,287.6,intra
1242,0.646,0.907,1.0,1.0,371.9,286.6,intra
1244,0.646,0.907,1.0,0.85,208.6,290.0,intra
1245,2.89,1.918,0.7311,0.9048,257.7,294.1,intra
1246,4.791,2.47,0.3807,0.6702,338.6,296.6,intra
1247,1.331,1.302,0.8092,0.8537,661.1,290.9,intra
1248,0.684,0.934,1.0,1.0,138.5,290.0,intra
1249,3.308,2.052,0.7666,0.8447,191.9,293.8,intra
1250,0.608,0.88,1.0,0.8,285.1,288.9,intra
1251,0.875,1.055,1.0,0.9583,116.0,291.7,intra
1252,1.065,1.164,1.0,0.875,359.6,291.1,intra
1253,1.369,1.32,0.6744,0.766,447.3,293.8,intra
1256,0.57,0.852,1.0,0.8824,300.7,291.3,intra
1257,0.646,0.907,1.0,0.8947,380.8,291.8,intra
1258,1.217,1.245,0.7291,0.8205,420.2,294.8,intra
1260,1.103,1.185,0.9946,0.8056,347.7,294.0,intra
1261,0.57,0.852,1.0,0.8824,11.5,293.3,intra
1262,6.046,2.775,0.2522,0.6883,559.1,298.2,inter
1263,0.989,1.122,1.0,0.8966,646.5,295.1,intra
1264,1.293,1.283,0.748,0.8095,20.4,297.3,intra
1265,0.722,0.959,1.0,1.0,56.1,294.4,intra
1266,0.989,1.122,0.8983,0.8667,86.7,294.7,intra
1267,1.027,1.143,1.0,0.931,268.1,295.3,intra
1268,3.27,2.041,0.9271,0.9149,139.6,299.6,intra
1270,0.684,0.934,1.0,0.9474,440.8,296.3,intra
1271,0.761,0.984,0.9987,0.8,455.2,298.4,intra
1272,0.57,0.852,1.0,1.0,497.1,297.7,intra
1273,0.532,0.823,1.0,1.0,617.3,296.5,intra
1274,1.141,1.205,1.0,0.9091,654.1,298.6,intra
1275,0.57,0.852,1.0,1.0,667.4,296.4,intra
1276,0.646,0.907,1.0,0.85,172.6,297.8,intra
1277,1.065,1.164,0.9851,0.8485,209.4,298.9,intra
1278,29.165,6.094,0.1433,0.5526,221.9,328.7,inter
1279,0.684,0.934,1.0,0.9474,245.9,299.1,intra
1280,2.358,1.733,0.4641,0.7561,606.6,300.1,intra
1282,1.635,1.443,0.5584,0.7544,284.4,303.5,intra
1283,0.799,1.008,1.0,0.9545,298.8,298.7,intra
1286,3.08,1.98,0.6997,0.8265,365.0,303.6,intra
1287,3.764,2.189,0.3932,0.5824,667.6,304.6,intra
1288,2.282,1.704,0.952,0.9231,88.0,302.2,intra
1289,0.608,0.88,0.8654,0.7273,390.5,300.0,intra
1290,0.761,0.984,1.0,0.8,473.3,301.4,intra
1291,0.608,0.88,0.8202,0.8,478.1,301.2,intra
1292,4.107,2.287,0.4284,0.6968,630.6,305.4,intra
1293,0.608,0.88,1.0,0.9412,10.7,300.8,intra
1294,7.415,3.073,0.3048,0.625,58.9,308.5,inter
1295,0.799,1.008,1.0,1.0,511.4,300.4,intra
1296,0.57,0.852,1.0,0.8824,519.2,300.7,intra
1297,1.787,1.508,0.4839,0.6912,570.0,305.6,intra
1298,3.498,2.11,0.7708,0.9583,4.9,308.3,intra
1299,0.913,1.078,0.9905,0.8889,411.1,301.8,intra
1300,0.57,0.852,1.0,0.9375,438.1,301.9,intra
1302,9.963,3.562,0.465,0.7218,166.9,312.7,inter
1303,1.711,1.476,0.6675,0.7627,381.1,306.6,intra
1304,1.673,1.46,0.6797,0.8,403.2,304.8,intra
1305,4.753,2.46,0.3382,0.641,438.4,311.5,intra
1306,0.722,0.959,1.0,0.9048,502.4,303.2,intra
1307,0.532,0.823,1.0,1.0,578.1,303.1,intra
1308,3.232,2.029,0.3939,0.7456,617.7,309.4,intra
1309,1.483,1.374,0.9017,0.8667,77.5,306.5,intra
1310,1.863,1.54,0.6793,0.6901,104.3,305.8,intra
1311,2.129,1.647,0.7982,0.8889,182.9,304.8,intra
1312,0.608,0.88,0.9912,0.8421,205.7,304.1,intra
1313,1.027,1.143,0.8393,0.871,311.7,306.2,intra
1315,0.951,1.1,0.906,0.7576,531.2,305.0,intra
1316,0.684,0.934,1.0,0.8182,599.7,304.7,intra
1318,0.875,1.055,1.0,0.92,264.1,305.2,intra
1319,0.57,0.852,1.0,0.7143,352.5,304.5,intra
1321,2.015,1.602,0.4537,0.6883,455.9,310.3,intra
1322,1.521,1.392,0.7696,0.8511,543.0,308.2,intra
1323,6.768,2.936,0.3141,0.6873,651.8,314.1,inter
1324,0.532,0.823,1.0,0.7778,43.2,307.7,intra
1325,1.749,1.492,0.5144,0.7188,236.4,311.9,intra
1326,0.532,0.823,1.0,0.9333,326.1,308.7,intra
1327,0.761,0.984,0.902,0.8333,336.6,309.9,intra
1328,0.57,0.852,1.0,0.9375,427.5,309.1,intra
1329,2.358,1.733,0.4295,0.6596,21.2,311.9,intra
1330,0.913,1.078,1.0,0.96,386.0,310.6,intra
1331,0.913,1.078,0.9674,0.9231,517.2,309.2,intra
1332,0.913,1.078,1.0,0.8276,191.5,311.2,intra
1333,0.799,1.008,1.0,0.84,273.8,311.6,intra
1334,0.684,0.934,1.0,1.0,399.1,311.1,intra
1336,0.799,1.008,1.0,0.913,510.1,311.0,intra
1337,0.875,1.055,1.0,1.0,587.1,312.0,intra
1338,0.532,0.823,1.0,1.0,74.0,312.5,intra
1339,0.761,0.984,0.9942,0.8696,122.8,311.8,intra
1340,1.749,1.492,0.6191,0.7667,480.2,315.6,intra
1341,0.646,0.907,0.8991,0.5862,32.4,312.6,intra
1342,3.574,2.133,0.5996,0.7705,101.2,316.2,intra
1343,2.32,1.719,0.6063,0.8026,284.9,314.6,intra
1345,0.799,1.008,1.0,0.875,302.5,313.9,intra
1346,1.901,1.556,0.6639,0.7937,353.5,314.3,intra
1347,1.027,1.143,0.735,0.8438,463.5,315.1,intra
1349,0.646,0.907,1.0,0.9444,93.5,314.2,intra
1351,1.217,1.245,0.7668,0.7619,364.9,315.0,intra
1353,5.59,2.668,0.6014,0.7577,529.9,322.1,intra
1354,0.532,0.823,1.0,0.9333,134.1,315.2,intra
1356,0.608,0.88,1.0,0.8421,320.5,315.2,intra
1357,1.331,1.302,0.6575,0.7447,340.6,316.5,intra
1358,1.597,1.426,0.7952,0.7368,560.1,316.7,intra
1359,0.722,0.959,1.0,0.8261,328.1,315.1,intra
1360,1.407,1.338,0.8283,0.9024,375.4,318.0,intra
1362,1.521,1.392,0.5048,0.7018,593.6,318.2,intra
1366,4.107,2.287,0.3054,0.6467,499.7,322.7,intra
1367,0.913,1.078,0.8599,0.8571,545.3,318.5,intra
1368,1.597,1.426,0.8631,0.913,53.1,319.5,intra
1369,0.532,0.823,1.0,0.8235,535.4,318.4,intra
1370,0.761,0.984,0.9248,0.8333,609.4,319.2,intra
1371,0.646,0.907,1.0,0.8947,37.6,319.9,intra
1372,0.684,0.934,1.0,0.9,311.9,319.3,intra
1374,1.369,1.32,0.7762,0.8182,625.5,320.5,intra
1375,4.753,2.46,0.4965,0.7669,358.4,325.5,intra
1376,1.255,1.264,0.8647,0.8684,615.8,321.2,intra
1378,1.445,1.356,0.9106,0.8444,276.4,321.7,intra
1379,0.799,1.008,1.0,0.913,306.3,322.3,intra
1380,0.837,1.032,0.8275,0.7857,517.5,320.4,intra
1381,0.646,0.907,1.0,0.8095,551.2,321.7,intra
1382,3.879,2.222,0.5421,0.7556,17.2,328.0,intra
1383,1.635,1.443,0.8691,0.8958,257.8,323.8,intra
1384,0.799,1.008,1.0,0.7778,487.5,323.1,intra
1385,1.977,1.587,0.7175,0.8125,5.7,325.5,intra
1386,0.989,1.122,0.9562,0.8667,342.9,323.4,intra
1388,0.532,0.823,0.9777,0.875,676.4,323.6,intra
1389,0.989,1.122,0.9598,0.8125,327.5,324.6,intra
1390,2.205,1.676,0.5765,0.7945,583.3,326.3,intra
1391,0.608,0.88,1.0,0.8421,604.4,322.8,intra
1392,0.875,1.055,1.0,0.9583,85.6,325.2,intra
1393,1.331,1.302,1.0,0.9211,148.9,325.2,intra
1394,0.913,1.078,1.0,0.7742,297.9,325.5,intra
1396,1.939,1.571,0.5762,0.7286,25.8,328.8,intra
1397,0.608,0.88,1.0,0.9412,47.2,326.5,intra
1398,1.141,1.205,0.8326,0.75,399.1,326.5,intra
1399,1.103,1.185,0.8208,0.8056,521.6,327.3,intra
1400,0.799,1.008,1.0,0.9545,654.2,326.1,intra
1401,2.51,1.788,0.5827,0.7765,171.3,331.8,intra
1402,0.532,0.823,1.0,1.0,181.5,326.5,intra
1404,1.331,1.302,1.0,0.875,101.1,330.9,intra
1405,1.065,1.164,1.0,0.7179,137.8,329.4,intra
1406,1.065,1.164,1.0,1.0,158.3,327.3,intra
1407,5.818,2.722,0.6942,0.8644,421.9,332.0,intra
1409,0.837,1.032,1.0,0.9565,203.0,328.9,intra
1411,1.369,1.32,0.7546,0.8571,549.7,331.0,intra
1412,3.422,2.087,0.323,0.4865,604.6,336.3,intra
1413,0.684,0.934,1.0,1.0,670.0,328.5,intra
1414,1.103,1.185,0.8511,0.8529,246.4,332.3,intra
1415,0.761,0.984,0.9774,0.7143,313.6,332.0,intra
1417,7.187,3.025,0.43,0.756,568.4,336.5,inter
1418,0.646,0.907,1.0,0.9444,664.2,330.1,intra
1419,0.913,1.078,0.6661,0.7742,81.5,334.3,intra
1420,0.532,0.823,1.0,0.9333,86.2,330.7,intra
1421,0.951,1.1,0.9229,0.9259,115.8,332.4,intra
1422,0.532,0.823,1.0,0.9333,598.1,331.6,intra
1423,0.532,0.823,1.0,0.875,64.6,333.4,intra
1424,1.521,1.392,1.0,0.9302,126.7,334.9,intra
1425,1.863,1.54,0.8778,0.9074,154.7,335.4,intra
1426,0.532,0.823,1.0,0.9333,330.9,333.6,intra
1428,1.217,1.245,0.8282,0.8421,630.6,335.2,intra
1429,2.32,1.719,0.5193,0.7262,32.9,336.7,intra
1430,3.955,2.244,0.5148,0.782,288.8,339.1,intra
1431,0.57,0.852,1.0,0.9375,45.2,334.3,intra
1432,0.722,0.959,1.0,0.7917,91.8,336.2,intra
1433,0.608,0.88,1.0,0.8421,264.7,335.4,intra
1435,1.179,1.225,0.6163,0.7045,480.5,335.5,intra
1436,0.799,1.008,1.0,0.9545,533.6,335.0,intra
1437,3.574,2.133,0.5931,0.7833,648.5,337.6,intra
1438,0.837,1.032,0.7798,0.7857,376.8,336.7,intra
1439,1.445,1.356,0.7452,0.8085,465.8,337.8,intra
1440,2.624,1.828,0.4734,0.7041,669.4,336.6,intra
1441,1.407,1.338,0.9514,0.8043,57.2,338.5,intra
1442,0.761,0.984,1.0,0.8333,199.2,336.8,intra
1443,0.57,0.852,1.0,0.8824,489.1,337.6,intra
1444,0.646,0.907,1.0,0.7727,585.2,339.4,intra
1445,2.472,1.774,0.5378,0.7386,6.9,343.4,intra
1446,0.761,0.984,1.0,0.9524,106.0,338.6,intra
1448,2.852,1.906,0.7893,0.8152,303.4,342.5,intra
1449,1.559,1.409,0.4332,0.5694,323.2,342.3,intra
1450,3.156,2.005,0.472,0.7094,390.0,340.3,intra
1451,0.913,1.078,0.8085,0.8,551.4,339.3,intra
1452,1.065,1.164,0.72,0.7568,135.3,340.0,intra
1453,0.989,1.122,1.0,0.963,257.3,340.4,intra
1454,0.646,0.907,1.0,0.9444,370.2,339.5,intra
1455,1.179,1.225,0.9067,0.8378,439.8,341.9,intra
1456,0.57,0.852,1.0,0.9375,637.6,339.9,intra
1457,0.875,1.055,1.0,0.8519,364.8,341.4,intra
1458,0.57,0.852,1.0,0.9375,498.1,340.9,intra
1461,0.608,0.88,1.0,0.9412,510.8,342.8,intra
1462,3.498,2.11,0.675,0.844,518.9,346.3,intra
1463,1.407,1.338,0.8404,0.7708,542.9,343.6,intra
1464,0.799,1.008,1.0,0.9545,579.0,341.8,intra
1465,5.856,2.731,0.2178,0.4477,659.0,352.4,inter
1466,0.761,0.984,1.0,0.9091,61.8,343.2,intra
1467,1.711,1.476,0.7937,0.7759,280.0,345.2,intra
1468,1.179,1.225,0.7705,0.8857,533.0,344.7,intra
1469,1.027,1.143,0.9329,0.7714,100.4,344.7,intra
1470,0.761,0.984,1.0,0.8696,262.0,343.8,intra
1471,2.129,1.647,0.4489,0.6747,351.1,344.8,intra
1473,0.722,0.959,1.0,0.95,479.3,344.5,intra
1475,1.559,1.409,0.5671,0.7593,229.8,344.8,intra
1476,1.103,1.185,0.8684,0.8788,247.1,347.1,intra
1477,2.586,1.814,0.418,0.5965,423.4,351.7,intra
1479,1.825,1.524,0.6639,0.8,553.8,346.2,intra
1480,2.053,1.617,1.0,0.9818,611.6,346.7,intra
1481,13.765,4.186,0.2629,0.6642,628.2,362.6,inter
1482,0.646,0.907,1.0,0.9444,653.4,344.5,intra
1483,2.091,1.632,0.47,0.7333,29.1,351.9,intra
1485,2.167,1.661,0.6845,0.8028,589.0,347.4,intra
1486,1.711,1.476,0.5989,0.7377,669.9,348.0,intra
1487,1.369,1.32,0.6236,0.6923,295.6,348.6,intra
1488,1.217,1.245,0.9057,0.8889,431.8,349.7,intra
1490,0.684,0.934,0.9959,0.8182,142.8,348.4,intra
1491,0.646,0.907,1.0,0.85,194.9,349.0,intra
1492,1.407,1.338,0.6803,0.7255,493.2,351.4,intra
1493,0.913,1.078,1.0,0.9231,42.4,349.4,intra
1494,0.722,0.959,1.0,0.8261,453.2,348.7,intra
1496,1.331,1.302,0.7214,0.7292,445.2,350.3,intra
1498,0.57,0.852,1.0,0.8333,509.8,351.1,intra
1499,6.768,2.936,0.3131,0.6642,539.9,359.9,inter
1500,1.141,1.205,0.8631,0.8108,72.3,352.4,intra
1501,1.483,1.374,0.7306,0.7959,135.8,351.8,intra
1502,15.324,4.417,0.1081,0.4933,573.8,364.6,inter
1503,2.129,1.647,0.6407,0.7887,50.8,355.5,intra
1504,3.536,2.122,0.5289,0.7623,347.9,356.4,intra
1506,0.57,0.852,1.0,1.0,106.4,352.6,intra
1507,0.951,1.1,1.0,0.9615,599.6,352.6,intra
1508,0.875,1.055,1.0,0.9583,89.4,354.6,intra
1509,1.179,1.225,1.0,0.9394,98.3,354.6,intra
1510,0.646,0.907,1.0,1.0,255.6,354.1,intra
1511,0.875,1.055,1.0,0.9583,308.5,354.9,intra
1513,0.57,0.852,1.0,0.8824,411.3,354.1,intra
1514,0.532,0.823,1.0,0.9333,183.1,355.3,intra
1515,3.194,2.017,0.4187,0.6942,192.9,358.1,intra
1516,0.532,0.823,1.0,0.9333,387.9,354.9,intra
1517,1.711,1.476,0.6754,0.6818,461.2,356.9,intra
1518,0.761,0.984,0.8288,0.8,484.0,354.6,intra
1519,2.434,1.76,0.4735,0.7619,11.3,359.3,intra
1520,5.628,2.677,0.7593,0.8706,77.0,361.1,intra
1522,1.179,1.225,1.0,0.9118,357.7,356.9,intra
1523,1.825,1.524,0.5979,0.7273,604.4,359.6,intra
1524,0.646,0.907,1.0,0.8947,119.3,357.2,intra
1525,1.141,1.205,0.8113,0.8571,303.3,359.4,intra
1528,1.407,1.338,0.9545,0.74,37.9,360.3,intra
1529,2.624,1.828,0.4827,0.6832,63.9,363.0,intra
1530,0.837,1.032,1.0,1.0,250.2,359.0,intra
1532,2.738,1.867,0.3773,0.6102,525.6,360.1,intra
1533,0.799,1.008,1.0,1.0,137.8,358.7,intra
1534,0.684,0.934,1.0,0.8182,155.3,358.8,intra
1535,2.434,1.76,0.5629,0.7529,175.5,362.4,intra
1536,0.532,0.823,1.0,1.0,512.5,358.3,intra
1538,0.608,0.88,1.0,1.0,213.2,359.4,intra
1539,0.989,1.122,0.7918,0.7429,268.6,360.6,intra
1541,1.483,1.374,1.0,0.9286,643.9,360.5,intra
1542,0.646,0.907,1.0,0.9444,670.9,360.5,intra
1544,1.217,1.245,0.7785,0.8889,163.2,363.1,intra
1545,1.141,1.205,1.0,0.9375,417.1,362.4,intra
1546,0.646,0.907,1.0,0.8095,479.5,361.4,intra
1547,1.673,1.46,0.6914,0.7719,654.3,362.9,intra
1548,3.384,2.076,0.4141,0.6899,673.3,368.5,intra
1549,0.646,0.907,1.0,0.9444,148.1,361.8,intra
1550,1.217,1.245,1.0,0.9412,370.8,363.0,intra
1551,2.966,1.943,0.5158,0.75,488.6,368.1,intra
1552,3.726,2.178,0.3261,0.5868,127.7,369.0,intra
1553,0.532,0.823,1.0,1.0,221.5,362.5,intra
1554,5.856,2.731,0.7478,0.8851,240.7,367.0,intra
1555,1.521,1.392,0.6106,0.7407,255.2,366.2,intra
1556,0.532,0.823,1.0,0.8235,310.4,363.4,intra
1557,0.799,1.008,1.0,0.913,398.6,364.2,intra
1558,1.445,1.356,0.5126,0.7037,463.1,364.7,intra
1559,0.799,1.008,1.0,0.875,22.1,365.0,intra
1560,0.837,1.032,1.0,0.8148,299.2,364.5,intra
1561,1.787,1.508,0.6158,0.746,325.2,365.4,intra
1562,2.282,1.704,0.7039,0.8219,431.7,365.9,intra
1564,2.015,1.602,0.6284,0.7571,552.4,366.4,intra
1565,3.384,2.076,0.4258,0.7607,30.2,370.6,intra
1566,0.646,0.907,1.0,0.8947,333.8,364.4,intra
1569,0.799,1.008,1.0,0.913,290.5,365.5,intra
1570,0.646,0.907,0.945,0.85,381.8,365.5,intra
1571,1.217,1.245,0.7421,0.7111,140.2,369.4,intra
1572,1.597,1.426,0.7408,0.7368,515.8,369.1,intra
1573,0.608,0.88,1.0,1.0,197.8,367.4,intra
1574,0.57,0.852,1.0,1.0,357.3,367.7,intra
1575,0.722,0.959,1.0,0.95,390.2,367.6,intra
1576,1.711,1.476,0.6691,0.7377,451.3,369.7,intra
1577,0.608,0.88,1.0,0.6957,98.5,369.7,intra
1578,0.837,1.032,0.8903,0.7857,281.3,368.5,intra
1579,3.46,2.099,0.4715,0.6642,607.5,374.0,intra
1580,6.388,2.852,0.3084,0.6885,651.3,373.4,inter
1582,2.852,1.906,0.5404,0.7426,349.9,374.9,intra
1583,3.726,2.178,0.3133,0.5414,409.2,371.9,intra
1585,1.749,1.492,0.5318,0.6866,12.7,374.0,intra
1587,0.913,1.078,1.0,0.8889,595.7,372.0,intra
1588,0.722,0.959,1.0,0.9048,91.1,372.9,intra
1589,0.57,0.852,1.0,1.0,152.0,371.0,intra
1591,2.586,1.814,0.4568,0.6733,326.4,377.7,intra
1592,1.331,1.302,0.8117,0.875,106.2,372.9,intra
1593,0.608,0.88,1.0,0.8421,164.1,373.7,intra
1594,3.232,2.029,0.475,0.6855,179.7,378.1,intra
1595,2.015,1.602,0.7054,0.8689,334.4,374.3,intra
1596,1.027,1.143,0.8085,0.8182,588.6,375.0,intra
1597,0.684,0.934,0.9645,0.9,426.9,374.9,intra
1598,1.597,1.426,0.7868,0.875,433.4,377.1,intra
1599,1.027,1.143,0.8936,0.8182,561.3,374.8,intra
1602,2.738,1.867,0.5136,0.7423,273.2,381.8,intra
1603,2.966,1.943,0.5482,0.8041,381.9,378.5,intra
1604,0.799,1.008,1.0,0.9545,477.4,375.5,intra
1607,2.7,1.854,0.7057,0.9221,223.5,382.4,intra
1608,0.761,0.984,1.0,1.0,404.0,377.2,intra
1609,1.027,1.143,0.8422,0.75,410.0,377.9,intra
1610,2.662,1.841,0.5449,0.7609,44.5,380.9,intra
1611,0.761,0.984,1.0,1.0,66.2,378.4,intra
1612,2.776,1.88,0.709,0.8488,240.3,383.5,intra
1613,0.913,1.078,0.9865,0.8276,516.2,378.9,intra
1614,0.837,1.032,1.0,0.9167,536.5,378.5,intra
1615,0.837,1.032,1.0,1.0,547.8,378.4,intra
1616,1.331,1.302,0.8263,0.8537,18.4,380.7,intra
1617,1.597,1.426,0.7996,0.84,104.3,381.3,intra
1618,1.445,1.356,0.7452,0.7917,120.0,379.7,intra
1619,0.532,0.823,1.0,0.9333,571.8,378.0,intra
1620,0.837,1.032,1.0,1.0,615.2,380.0,intra
1621,0.57,0.852,1.0,0.9375,262.9,380.2,intra
1624,0.989,1.122,0.748,0.7647,492.8,381.9,intra
1625,0.608,0.88,1.0,0.8421,528.5,381.2,intra
1626,2.396,1.746,0.5393,0.7326,135.3,382.3,intra
1627,4.829,2.48,0.4141,0.7384,412.0,388.7,intra
1628,2.396,1.746,0.5551,0.7241,155.5,384.0,intra
1629,0.761,0.984,1.0,0.9524,282.8,382.4,intra
1630,1.407,1.338,0.8308,0.8222,468.2,382.5,intra
1631,1.141,1.205,0.7714,0.8108,6.1,384.4,intra
1632,3.955,2.244,0.4633,0.7591,297.2,389.9,intra
1633,0.684,0.934,0.9736,0.8571,625.8,383.2,intra
1634,3.726,2.178,0.2893,0.6364,648.6,390.7,intra
1635,0.532,0.823,1.0,1.0,85.5,383.7,intra
1636,0.57,0.852,1.0,0.8333,192.5,383.9,intra
1637,1.331,1.302,0.8699,0.7778,396.0,386.9,intra
1638,1.027,1.143,1.0,0.931,424.5,384.3,intra
1639,0.913,1.078,1.0,0.8276,487.7,385.9,intra
1640,0.761,0.984,0.9942,0.8696,674.0,384.6,intra
1641,0.722,0.959,1.0,1.0,147.9,384.6,intra
1642,0.57,0.852,1.0,0.9375,508.1,384.5,intra
1644,0.608,0.88,1.0,0.8421,594.2,384.9,intra
1645,1.141,1.205,0.8167,0.75,34.5,388.1,intra
1646,0.875,1.055,0.9271,0.92,56.1,385.8,intra
1648,0.532,0.823,1.0,0.9333,350.2,385.5,intra
1649,1.255,1.264,0.7791,0.9167,555.9,385.7,intra
1650,0.761,0.984,0.9058,0.8696,666.8,386.2,intra
1651,6.654,2.911,0.2201,0.6119,24.5,394.0,inter
1652,2.928,1.931,0.4303,0.6696,115.5,389.4,intra
1653,1.103,1.185,1.0,0.8788,456.3,388.1,intra
1654,0.57,0.852,1.0,0.7895,162.3,389.8,intra
1655,3.27,2.041,0.4364,0.6232,183.3,391.7,intra
1656,0.646,0.907,1.0,0.85,519.8,387.4,intra
1657,0.837,1.032,1.0,1.0,527.0,388.5,intra
1658,1.635,1.443,0.7335,0.8113,198.2,391.2,intra
1659,1.673,1.46,0.67,0.7458,283.5,391.4,intra
1661,0.532,0.823,1.0,1.0,74.5,389.7,intra
1662,0.608,0.88,1.0,0.9412,87.2,389.5,intra
1663,1.407,1.338,0.8735,0.8605,587.7,392.7,intra
1666,2.129,1.647,0.6827,0.7467,212.3,392.0,intra
1668,1.065,1.164,0.6937,0.8235,467.1,391.8,intra
1670,3.08,1.98,0.349,0.5704,597.8,395.7,intra
1671,4.107,2.287,0.438,0.6207,639.9,397.5,intra
1672,5.666,2.686,0.3441,0.7563,669.2,398.1,inter
1673,0.875,1.055,1.0,0.7931,82.6,393.2,intra
1674,0.799,1.008,1.0,0.9545,338.4,392.6,intra
1675,1.293,1.283,0.7885,0.8095,383.4,393.4,intra
1676,1.445,1.356,0.5416,0.7308,170.6,395.6,intra
1677,0.532,0.823,1.0,0.9333,332.1,393.4,intra
1679,1.179,1.225,1.0,0.775,542.5,395.8,intra
1680,0.761,0.984,1.0,0.9091,429.4,394.4,intra
1681,0.57,0.852,1.0,0.9375,580.4,393.1,intra
1683,2.662,1.841,0.4629,0.7143,503.1,397.4,intra
1685,1.103,1.185,1.0,0.8788,75.2,396.6,intra
1686,2.205,1.676,0.6805,0.8056,145.9,400.1,intra
1687,0.989,1.122,1.0,0.8667,344.4,397.0,intra
1688,1.369,1.32,1.0,0.9231,484.9,396.9,intra
1689,0.57,0.852,1.0,0.8333,554.5,396.8,intra
1690,2.243,1.69,0.6075,0.7973,4.8,400.8,intra
1691,0.57,0.852,1.0,0.9375,44.2,396.2,intra
1692,0.989,1.122,0.8983,0.8387,104.3,396.8,intra
1693,2.015,1.602,0.448,0.5408,123.2,401.5,intra
1694,2.814,1.893,0.6123,0.7708,165.7,401.1,intra
1695,0.989,1.122,1.0,1.0,242.8,397.6,intra
1696,1.483,1.374,1.0,0.907,276.4,397.8,intra
1697,1.939,1.571,0.9554,0.9273,364.8,400.4,intra
1698,0.57,0.852,1.0,0.9375,509.9,396.8,intra
1699,0.761,0.984,1.0,0.8696,155.4,398.1,intra
1700,0.608,0.88,0.7819,0.5926,321.1,399.9,intra
1701,2.472,1.774,0.5275,0.6373,446.0,404.2,intra
1702,1.749,1.492,0.5755,0.7302,522.7,398.9,intra
1703,1.559,1.409,1.0,0.9111,580.3,400.0,intra
1704,0.989,1.122,0.8983,0.8387,95.7,399.6,intra
1705,0.646,0.907,1.0,0.9444,470.9,398.8,intra
1706,1.977,1.587,0.887,0.8525,110.9,401.7,intra
1707,0.532,0.823,0.8841,0.7778,198.6,400.9,intra
1709,1.331,1.302,0.8834,0.8537,287.7,401.4,intra
1710,0.875,1.055,0.8426,0.7931,380.6,402.0,intra
1712,0.646,0.907,1.0,0.8947,188.1,400.5,intra
1713,1.027,1.143,0.8936,0.7941,455.6,401.7,intra
1715,1.559,1.409,0.831,0.8039,48.0,404.6,intra
1716,2.015,1.602,0.745,0.803,420.4,405.6,intra
1717,1.521,1.392,0.4624,0.5882,491.3,405.7,intra
1718,0.684,0.934,0.6823,0.9474,676.6,404.3,intra
1719,0.532,0.823,1.0,1.0,244.5,402.7,intra
1720,1.103,1.185,1.0,0.9667,428.7,403.6,intra
1721,0.532,0.823,1.0,0.875,487.5,403.0,intra
1722,2.015,1.602,0.75,0.7794,570.0,405.4,intra
1723,0.646,0.907,1.0,0.8095,13.2,404.2,intra
1724,0.646,0.907,1.0,0.85,41.2,403.9,intra
1725,0.57,0.852,1.0,1.0,67.6,403.6,intra
1726,0.875,1.055,0.6864,0.7419,131.9,404.1,intra
1727,0.684,0.934,1.0,0.9,310.9,404.3,intra
1728,1.141,1.205,0.6506,0.6383,339.4,404.1,intra
1729,2.814,1.893,0.4284,0.7115,383.4,409.2,intra
1730,0.532,0.823,1.0,0.8235,499.1,404.4,intra
1732,0.532,0.823,1.0,0.875,512.0,404.4,intra
1733,1.331,1.302,0.8092,0.875,639.5,405.3,intra
1735,0.532,0.823,1.0,0.9333,82.1,406.0,intra
1736,0.532,0.823,1.0,1.0,89.4,405.8,intra
1738,0.722,0.959,0.7965,0.7308,192.1,406.5,intra
1739,0.722,0.959,1.0,0.9048,295.1,407.2,intra
1740,1.331,1.302,0.7568,0.814,406.7,407.9,intra
1742,1.787,1.508,0.684,0.8545,546.7,407.7,intra
1743,0.646,0.907,1.0,0.9444,620.3,405.2,intra
1744,1.217,1.245,0.8546,0.8421,159.2,408.3,intra
1745,0.951,1.1,1.0,1.0,225.7,407.7,intra
1746,1.825,1.524,0.4932,0.7164,528.9,408.5,intra
1747,0.646,0.907,0.8489,0.7083,592.6,407.4,intra
1748,1.255,1.264,0.934,0.8919,604.0,407.3,intra
1749,0.799,1.008,1.0,0.875,614.0,407.8,intra
1750,2.358,1.733,0.8252,0.8611,72.3,412.1,intra
1751,2.852,1.906,0.858,0.8929,357.4,412.5,intra
1752,1.141,1.205,0.7596,0.8333,661.8,408.0,intra
1754,0.646,0.907,1.0,0.8947,102.5,409.6,intra
1756,0.989,1.122,1.0,0.9286,632.2,411.1,intra
1757,0.532,0.823,1.0,1.0,43.9,410.1,intra
1758,2.472,1.774,0.5495,0.7647,99.3,415.6,intra
1759,2.434,1.76,0.6018,0.7356,435.0,412.5,intra
1760,2.624,1.828,0.5004,0.7263,511.0,415.3,intra
1761,0.951,1.1,0.8274,0.8333,578.3,412.0,intra
1762,1.673,1.46,0.8797,0.88,36.1,413.2,intra
1763,0.799,1.008,0.8876,0.8077,125.1,412.2,intra
1764,1.179,1.225,0.6609,0.7209,650.3,414.6,intra
1766,4.031,2.265,0.671,0.8689,5.3,418.5,intra
1767,0.532,0.823,1.0,0.9333,15.1,413.1,intra
1768,0.761,0.984,0.902,0.8333,316.1,412.4,intra
1769,1.825,1.524,0.5051,0.6076,346.5,416.9,intra
1770,21.37,5.216,0.3425,0.7827,601.2,427.9,inter
1772,1.749,1.492,0.8458,0.902,658.2,414.7,intra
1773,2.243,1.69,0.6148,0.7973,154.7,416.2,intra
1774,2.548,1.801,0.616,0.7701,191.1,416.3,intra
1776,1.483,1.374,0.7504,0.8298,22.8,415.8,intra
1777,1.331,1.302,0.8862,0.8974,117.2,417.3,intra
1778,2.091,1.632,0.5776,0.7333,131.2,417.3,intra
1779,1.331,1.302,1.0,0.8974,140.5,415.5,intra
1780,2.053,1.617,0.4161,0.7606,307.0,417.6,intra
1781,0.989,1.122,0.9182,0.8966,415.2,415.8,intra
1782,0.913,1.078,1.0,0.8889,640.3,415.9,intra
1783,1.787,1.508,0.5931,0.7833,396.6,416.1,intra
1784,1.065,1.164,0.6493,0.6364,566.0,416.2,intra
1785,0.532,0.823,1.0,0.9333,86.1,416.6,intra
1786,5.514,2.65,0.7706,0.8896,209.1,420.9,intra
1787,7.339,3.057,0.4507,0.707,332.2,425.1,inter
1788,1.103,1.185,0.7033,0.6744,407.6,418.1,intra
1789,9.81,3.534,0.2838,0.6202,535.5,427.2,inter
1790,2.966,1.943,0.4787,0.729,62.0,424.7,intra
1791,0.875,1.055,1.0,0.8846,465.0,418.0,intra
1792,3.384,2.076,0.7161,0.8396,580.7,424.8,intra
1793,1.027,1.143,1.0,0.8182,628.1,419.5,intra
1794,1.141,1.205,1.0,0.9677,77.8,420.0,intra
1795,0.57,0.852,1.0,0.9375,255.2,419.8,intra
1797,1.065,1.164,0.8189,0.8235,471.1,420.7,intra
1798,0.951,1.1,1.0,0.8929,108.6,420.4,intra
1799,0.799,1.008,0.7581,0.75,298.4,422.1,intra
1800,1.065,1.164,0.7089,0.7368,362.3,420.9,intra
1801,1.141,1.205,0.9929,0.8824,40.4,422.1,intra
1803,0.722,0.959,0.9285,0.7917,317.3,420.8,intra
1804,3.574,2.133,0.3648,0.6573,391.3,425.1,intra
1806,1.179,1.225,0.5998,0.7209,548.4,423.6,intra
1808,0.608,0.88,0.9961,0.8889,12.7,424.3,intra
1809,0.646,0.907,1.0,1.0,18.0,423.0,intra
1810,1.065,1.164,0.7898,0.7368,173.8,423.1,intra
1812,0.722,0.959,1.0,0.7917,500.1,422.4,intra
1813,1.141,1.205,1.0,0.9375,640.7,423.9,intra
1814,3.955,2.244,0.3047,0.5622,648.4,430.1,intra
1815,1.255,1.264,0.7157,0.8049,51.4,424.2,intra
1816,1.521,1.392,0.7866,0.8,83.2,426.3,intra
1817,1.445,1.356,0.5403,0.7037,129.1,425.8,intra
1819,8.746,3.337,0.4075,0.7278,253.7,429.7,inter
1820,3.726,2.178,0.3625,0.6712,426.2,431.4,intra
1821,0.761,0.984,1.0,0.8696,463.7,425.5,intra
1822,1.141,1.205,0.7298,0.75,562.4,425.4,intra
1824,2.129,1.647,0.4634,0.7089,371.4,432.9,intra
1825,0.722,0.959,1.0,0.9048,489.9,425.9,intra
1826,1.293,1.283,0.6473,0.7556,24.5,429.4,intra
1827,1.179,1.225,0.684,0.7045,166.8,429.6,intra
1829,0.989,1.122,0.811,0.8387,317.7,428.5,intra
1830,1.483,1.374,0.786,0.8478,412.1,429.9,intra
1831,2.167,1.661,0.7604,0.8261,619.2,429.3,intra
1832,1.749,1.492,0.9021,0.902,294.3,428.8,intra
1833,0.684,0.934,0.9736,0.8182,520.3,428.3,intra
1834,1.597,1.426,0.924,0.913,190.5,431.4,intra
1835,2.32,1.719,0.5111,0.7093,484.7,432.0,intra
1836,1.521,1.392,0.9731,0.8889,552.9,430.0,intra
1837,2.282,1.704,0.5664,0.7317,635.1,431.0,intra
1838,1.749,1.492,0.8618,0.8679,658.0,431.3,intra
1839,1.217,1.245,1.0,0.9412,38.2,430.4,intra
1840,1.217,1.245,0.6028,0.7111,49.2,431.2,intra
1841,2.434,1.76,0.7142,0.8533,96.5,431.6,intra
1842,2.243,1.69,0.71,0.7763,115.2,432.0,intra
1843,0.913,1.078,1.0,0.9231,437.3,430.6,intra
1844,0.989,1.122,1.0,0.963,665.2,430.2,intra
1845,1.141,1.205,0.7061,0.7317,673.1,433.1,intra
1846,0.951,1.1,0.7934,0.8065,503.5,432.3,intra
1847,0.57,0.852,1.0,0.6522,144.2,432.3,intra
1849,0.532,0.823,1.0,0.875,232.1,432.4,intra
1851,1.293,1.283,0.8909,0.8718,379.4,432.2,intra
1855,0.532,0.823,1.0,0.9333,345.6,431.9,intra
1856,0.951,1.1,0.8101,0.7812,465.9,433.8,intra
1857,2.586,1.814,0.3371,0.5667,72.5,437.7,intra
1858,0.57,0.852,1.0,0.9375,340.2,434.7,intra
1860,0.722,0.959,1.0,1.0,568.3,434.4,intra
1861,0.722,0.959,1.0,1.0,44.5,435.8,intra
1862,1.445,1.356,0.8944,0.9048,362.0,436.8,intra
1863,0.761,0.984,1.0,1.0,391.6,436.6,intra
1864,1.179,1.225,0.7211,0.7045,452.0,437.8,intra
1865,0.875,1.055,0.9681,0.8846,458.9,437.4,intra
1866,1.521,1.392,0.8268,0.8333,312.8,437.6,intra
1867,0.989,1.122,0.6583,0.7429,385.4,438.1,intra
1868,2.586,1.814,0.7543,0.9714,10.7,438.0,intra
1870,0.684,0.934,1.0,1.0,554.9,438.6,intra
1871,1.027,1.143,0.9329,0.9,655.0,438.6,intra
1872,0.684,0.934,1.0,0.9474,55.9,438.8,intra
1873,0.722,0.959,1.0,0.95,167.4,438.6,intra
1875,0.646,0.907,1.0,0.9444,274.5,439.0,intra
1876,0.608,0.88,1.0,1.0,301.2,438.8,intra
1877,0.722,0.959,0.905,0.8636,414.2,439.0,intra
1879,0.684,0.934,1.0,0.9474,148.6,439.3,intra
